Filename,NTW.eng
ER1_FGTD_C00022_P2Y4W2,168
ER1_FGTD_C00125_P2Y4W2,313
ER1_FGTD_C00142_P2Y4W2,247
ER1_FGTD_C00167_P2Y4W2,313
ER1_FGTD_C02277_P2Y4W2,144
ER1_FOHO_C00015_P2Y3W1,237
ER1_FOHO_C00020_P2Y3W1,304
ER1_FOHO_C00022_P2Y3W1,260
ER1_FOHO_C00026_P2Y3W1,178
ER1_FOHO_C00027_P2Y3W1,226
ER1_FOHO_C00031_P2Y3W1,305
ER1_FOHO_C00048_P2Y3W1,137
ER1_FOHO_C00049_P2Y3W1,489
ER1_FOHO_C00055_P2Y3W1,213
ER1_FOHO_C00067_P2Y3W1,221
ER1_FOHO_C00077_P2Y3W1,367
ER1_FOHO_C00082_P2Y3W1,271
ER1_FOHO_C00090_P2Y3W1,480
ER1_FOHO_C00094_P2Y3W1,349
ER1_FOHO_C00119_P2Y3W1,417
ER1_FOHO_C00125_P2Y3W1,154
ER1_FOHO_C00126_P2Y3W1,160
ER1_FOHO_C00127_P2Y3W1,480
ER1_FOHO_C00135_P2Y3W1,201
ER1_FOHO_C00137_P2Y3W1,248
ER1_FOHO_C00141_P2Y3W1,267
ER1_FOHO_C00142_P2Y3W1,244
ER1_FOHO_C00146_P2Y3W1,195
ER1_FOHO_C00147_P2Y3W1,249
ER1_FOHO_C00148_P2Y3W1,142
ER1_FOHO_C00152_P2Y3W1,453
ER1_FOHO_C00167_P2Y3W1,420
ER1_FOHO_C00172_P2Y3W1,193
ER1_FOHO_C00178_P2Y3W1,213
ER1_FOHO_C00179_P2Y3W1,310
ER1_FOHO_C00182_P2Y3W1,443
ER1_FOHO_C00183_P2Y3W1,456
ER1_FOHO_C00188_P2Y3W1,273
ER1_FOHO_C00189_P2Y3W1,193
ER1_FOHO_C00191_P2Y3W1,180
ER1_FOHO_C00192_P2Y3W1,249
ER1_FOHO_C00198_P2Y3W1,289
ER1_FOHO_C00201_P2Y3W1,201
ER1_FOHO_C00209_P2Y3W1,278
ER1_FOHO_C00226_P2Y3W1,219
ER1_FOHO_C00231_P2Y3W1,424
ER1_FOHO_C00235_P2Y3W1,170
ER1_FOHO_C00237_P2Y3W1,370
ER1_FOHO_C00275_P2Y3W1,462
ER1_FOHO_C00372_P2Y3W1,563
ER1_FOHO_C00375_P2Y3W1,544
ER1_FOHO_C00376_P2Y3W1,358
ER1_FOHO_C00379_P2Y3W1,359
ER1_FOHO_C00384_P2Y3W1,183
ER1_FOHO_C00388_P2Y3W1,184
ER1_FOHO_C00392_P2Y3W1,260
ER1_FOHO_C00393_P2Y3W1,344
ER1_FOHO_C00401_P2Y3W1,489
ER1_FOHO_C00409_P2Y3W1,230
ER1_FOHO_C00423_P2Y3W1,285
ER1_FOHO_C00433_P2Y3W1,371
ER1_FOHO_C00439_P2Y3W1,345
ER1_FOHO_C00445_P2Y3W1,183
ER1_FOHO_C00466_P2Y3W1,213
ER1_FOHO_C00476_P2Y3W1,412
ER1_FOHO_C00507_P2Y3W1,446
ER1_FOHO_C00523_P2Y3W1,232
ER1_FOHO_C00552_P2Y3W1,276
ER1_FOHO_C00564_P2Y3W1,289
ER1_FOHO_C00589_P2Y3W1,217
ER1_FOHO_C00598_P2Y3W1,246
ER1_FOHO_C00600_P2Y3W1,234
ER1_FOHO_C00605_P2Y3W1,202
ER1_FOHO_C00633_P2Y3W1,311
ER1_FOHO_C00642_P2Y3W1,346
ER1_FOHO_C00652_P2Y3W1,392
ER1_FOHO_C00657_P2Y3W1,236
ER1_FOHO_C00672_P2Y3W1,280
ER1_FOHO_C00683_P2Y3W1,310
ER1_FOHO_C00692_P2Y3W1,223
ER1_FOHO_C00741_P2Y3W1,457
ER1_FOHO_C00748_P2Y3W1,304
ER1_FOHO_C00753_P2Y3W1,247
ER1_FOHO_C00790_P2Y3W1,280
ER1_FOHO_C00793_P2Y3W1,271
ER1_FOHO_C00826_P2Y3W1,86
ER1_FOHO_C00828_P2Y3W1,235
ER1_FOHO_C00837_P2Y3W1,506
ER1_FOHO_C00853_P2Y3W1,474
ER1_FOHO_C00857_P2Y3W1,208
ER1_FOHO_C00919_P2Y3W1,203
ER1_FOHO_C00931_P2Y3W1,292
ER1_FOHO_C00973_P2Y3W1,370
ER1_FOHO_C00976_P2Y3W1,265
ER1_FOHO_C00992_P2Y3W1,460
ER1_FOHO_C00999_P2Y3W1,447
ER1_FOHO_C01003_P2Y3W1,610
ER1_FOHO_C01006_P2Y3W1,469
ER1_FOHO_C01018_P2Y3W1,480
ER1_FOHO_C01031_P2Y3W1,160
ER1_FOHO_C01053_P2Y3W1,251
ER1_FOHO_C01056_P2Y3W1,279
ER1_FOHO_C01078_P2Y3W1,318
ER1_FOHO_C01094_P2Y3W1,210
ER1_FOHO_C01103_P2Y3W1,288
ER1_FOHO_C01104_P2Y3W1,313
ER1_FOHO_C01108_P2Y3W1,302
ER1_FOHO_C01121_P2Y3W1,287
ER1_FOHO_C01125_P2Y3W1,252
ER1_FOHO_C01127_P2Y3W1,236
ER1_FOHO_C01160_P2Y3W1,401
ER1_FOHO_C01162_P2Y3W1,344
ER1_FOHO_C01171_P2Y3W1,277
ER1_FOHO_C01185_P2Y3W1,293
ER1_FOHO_C01211_P2Y3W1,215
ER1_FOHO_C01222_P2Y3W1,314
ER1_FOHO_C01226_P2Y3W1,445
ER1_FOHO_C01262_P2Y3W1,102
ER1_FOHO_C01265_P2Y3W1,278
ER1_FOHO_C01294_P2Y3W1,185
ER1_FOHO_C01298_P2Y3W1,270
ER1_FOHO_C01336_P2Y3W1,406
ER1_FOHO_C02230_P2Y3W1,352
ER1_FOHO_C02232_P2Y3W1,289
ER1_FOHO_C02234_P2Y3W1,224
ER1_FOHO_C02239_P2Y3W1,175
ER1_FOHO_C02255_P2Y3W1,203
ER1_FOHO_C02262_P2Y3W1,266
ER1_FOHO_C02267_P2Y3W1,219
ER1_FOHO_C02274_P2Y3W1,184
ER1_FOHO_C02276_P2Y3W1,266
ER1_FOHO_C02277_P2Y3W1,124
ER1_FOHO_C02278_P2Y3W1,160
ER1_FOHO_C02279_P2Y3W1,226
ER1_FOHO_C02282_P2Y3W1,261
ER1_FOHO_C02287_P2Y3W1,148
ER1_FOHO_C02295_P2Y3W1,212
ER1_FOHO_C02297_P2Y3W1,226
ER1_FOHO_C02315_P2Y3W1,126
ER1_FOHO_C02325_P2Y3W1,282
ER1_FOHO_C02335_P2Y3W1,235
ER1_FOHO_C02351_P2Y3W1,134
ER1_FOHO_C02352_P2Y3W1,190
ER1_FOHO_C02356_P2Y3W1,207
ER1_FOHO_C02359_P2Y3W1,142
ER1_FOHO_C02363_P2Y3W1,278
ER1_FOHO_C02364_P2Y3W1,148
ER1_FOHO_C02365_P2Y3W1,463
ER1_FOHO_C02368_P2Y3W1,144
ER1_FOHO_C02373_P2Y3W1,287
ER1_FOHO_C02376_P2Y3W1,249
ER1_FOHO_C02378_P2Y3W1,377
ER1_FOHO_C02381_P2Y3W1,183
ER1_FOHO_C02383_P2Y3W1,258
ER1_FOHO_C02384_P2Y3W1,269
ER1_FOHO_C02386_P2Y3W1,253
ER1_FOHO_C02388_P2Y3W1,211
ER1_FOHO_C02389_P2Y3W1,337
ER1_FOHO_C02397_P2Y3W1,332
ER1_FOHO_C02415_P2Y3W1,173
ER1_FOHO_C02416_P2Y3W1,212
ER1_FOHO_C02423_P2Y3W1,225
ER1_FOHO_C02425_P2Y3W1,174
ER1_FOHO_C02426_P2Y3W1,201
ER1_FOHO_C02434_P2Y3W1,279
ER1_FOHO_C02442_P2Y3W1,350
ER1_FOHO_C02443_P2Y3W1,308
ER1_FOHO_C02448_P2Y3W1,269
ER1_FOHO_C02449_P2Y3W1,240
ER1_FOHO_C02450_P2Y3W1,286
ER1_FOHO_C02475_P2Y3W1,236
ER1_FOHO_C02476_P2Y3W1,380
ER1_FOHO_C02478_P2Y3W1,358
ER1_FOHO_C02479_P2Y3W1,172
ER1_FOHO_C02481_P2Y3W1,316
ER1_FOHO_C02482_P2Y3W1,425
ER1_FOHO_C02483_P2Y3W1,197
ER1_FOHO_C02484_P2Y3W1,130
ER1_FOHO_C02488_P2Y3W1,144
ER1_FOHO_C02489_P2Y3W1,269
ER1_FOHO_C02492_P2Y3W1,202
ER1_FOHO_C02493_P2Y3W1,251
ER1_FOHO_C02496_P2Y3W1,246
ER1_FOHO_C02498_P2Y3W1,291
ER1_FOHO_C02502_P2Y3W1,307
ER1_FOHO_C02503_P2Y3W1,220
ER1_FOHO_C02506_P2Y3W1,163
ER1_FOHO_C02507_P2Y3W1,115
ER1_FOHO_C02551_P2Y3W1,296
ER1_FOHO_C02552_P2Y3W1,212
ER1_FOHO_C02576_P2Y3W1,238
ER1_FOHO_C02579_P2Y3W1,199
ER1_FOHO_C02588_P2Y3W1,270
ER1_FOHO_C02594_P2Y3W1,205
ER1_FOHO_C02596_P2Y3W1,248
ER1_FOHO_C02599_P2Y3W1,198
ER1_FOHO_C02619_P2Y3W1,308
ER1_FOHO_C02626_P2Y3W1,69
ER1_FOHO_C02637_P2Y3W1,134
ER1_FOHO_C02640_P2Y3W1,253
ER1_FOHO_C02645_P2Y3W1,116
ER1_FOHO_C02647_P2Y3W1,190
ER1_FOHO_C02651_P2Y3W1,166
ER1_FOHO_C02661_P2Y3W1,201
ER1_FOHO_C02663_P2Y3W1,181
ER1_FOHO_C02808_P2Y3W1,229
ER1_FOHO_C02834_P2Y3W1,344
ER1_FOHO_C03008_P2Y3W1,293
ER1_FOHO_C03012_P2Y3W1,214
ER1_FWAY_C00022_P2Y4W1,216
ER1_FWAY_C00125_P2Y4W1,198
ER1_FWAY_C00142_P2Y4W1,243
ER1_FWAY_C00167_P2Y4W1,328
ER1_FWAY_C02277_P2Y4W1,280
ER1_OFTM_C00015_P2Y3W2,296
ER1_OFTM_C00020_P2Y3W2,464
ER1_OFTM_C00022_P2Y3W2,176
ER1_OFTM_C00026_P2Y3W2,220
ER1_OFTM_C00027_P2Y3W2,356
ER1_OFTM_C00031_P2Y3W2,328
ER1_OFTM_C00048_P2Y3W2,231
ER1_OFTM_C00049_P2Y3W2,370
ER1_OFTM_C00055_P2Y3W2,288
ER1_OFTM_C00067_P2Y3W2,158
ER1_OFTM_C00077_P2Y3W2,271
ER1_OFTM_C00082_P2Y3W2,247
ER1_OFTM_C00090_P2Y3W2,336
ER1_OFTM_C00094_P2Y3W2,296
ER1_OFTM_C00119_P2Y3W2,256
ER1_OFTM_C00125_P2Y3W2,103
ER1_OFTM_C00126_P2Y3W2,245
ER1_OFTM_C00127_P2Y3W2,475
ER1_OFTM_C00135_P2Y3W2,299
ER1_OFTM_C00137_P2Y3W2,313
ER1_OFTM_C00141_P2Y3W2,223
ER1_OFTM_C00142_P2Y3W2,327
ER1_OFTM_C00146_P2Y3W2,252
ER1_OFTM_C00147_P2Y3W2,294
ER1_OFTM_C00148_P2Y3W2,195
ER1_OFTM_C00152_P2Y3W2,454
ER1_OFTM_C00167_P2Y3W2,383
ER1_OFTM_C00172_P2Y3W2,196
ER1_OFTM_C00178_P2Y3W2,289
ER1_OFTM_C00179_P2Y3W2,351
ER1_OFTM_C00182_P2Y3W2,360
ER1_OFTM_C00183_P2Y3W2,637
ER1_OFTM_C00188_P2Y3W2,359
ER1_OFTM_C00189_P2Y3W2,238
ER1_OFTM_C00191_P2Y3W2,242
ER1_OFTM_C00192_P2Y3W2,217
ER1_OFTM_C00198_P2Y3W2,277
ER1_OFTM_C00201_P2Y3W2,221
ER1_OFTM_C00209_P2Y3W2,342
ER1_OFTM_C00226_P2Y3W2,206
ER1_OFTM_C00231_P2Y3W2,507
ER1_OFTM_C00235_P2Y3W2,241
ER1_OFTM_C00237_P2Y3W2,507
ER1_OFTM_C00275_P2Y3W2,529
ER1_OFTM_C00372_P2Y3W2,382
ER1_OFTM_C00375_P2Y3W2,459
ER1_OFTM_C00376_P2Y3W2,292
ER1_OFTM_C00379_P2Y3W2,188
ER1_OFTM_C00384_P2Y3W2,191
ER1_OFTM_C00388_P2Y3W2,205
ER1_OFTM_C00392_P2Y3W2,173
ER1_OFTM_C00393_P2Y3W2,462
ER1_OFTM_C00401_P2Y3W2,381
ER1_OFTM_C00409_P2Y3W2,304
ER1_OFTM_C00423_P2Y3W2,265
ER1_OFTM_C00433_P2Y3W2,290
ER1_OFTM_C00439_P2Y3W2,316
ER1_OFTM_C00445_P2Y3W2,175
ER1_OFTM_C00466_P2Y3W2,330
ER1_OFTM_C00476_P2Y3W2,276
ER1_OFTM_C00507_P2Y3W2,334
ER1_OFTM_C00523_P2Y3W2,106
ER1_OFTM_C00552_P2Y3W2,267
ER1_OFTM_C00564_P2Y3W2,302
ER1_OFTM_C00589_P2Y3W2,276
ER1_OFTM_C00598_P2Y3W2,335
ER1_OFTM_C00600_P2Y3W2,222
ER1_OFTM_C00605_P2Y3W2,280
ER1_OFTM_C00633_P2Y3W2,188
ER1_OFTM_C00642_P2Y3W2,327
ER1_OFTM_C00652_P2Y3W2,381
ER1_OFTM_C00657_P2Y3W2,249
ER1_OFTM_C00672_P2Y3W2,321
ER1_OFTM_C00683_P2Y3W2,351
ER1_OFTM_C00692_P2Y3W2,278
ER1_OFTM_C00741_P2Y3W2,237
ER1_OFTM_C00748_P2Y3W2,149
ER1_OFTM_C00753_P2Y3W2,373
ER1_OFTM_C00790_P2Y3W2,312
ER1_OFTM_C00793_P2Y3W2,504
ER1_OFTM_C00826_P2Y3W2,190
ER1_OFTM_C00828_P2Y3W2,198
ER1_OFTM_C00837_P2Y3W2,318
ER1_OFTM_C00853_P2Y3W2,310
ER1_OFTM_C00857_P2Y3W2,219
ER1_OFTM_C00919_P2Y3W2,256
ER1_OFTM_C00931_P2Y3W2,209
ER1_OFTM_C00973_P2Y3W2,288
ER1_OFTM_C00976_P2Y3W2,247
ER1_OFTM_C00992_P2Y3W2,836
ER1_OFTM_C00999_P2Y3W2,500
ER1_OFTM_C01003_P2Y3W2,461
ER1_OFTM_C01006_P2Y3W2,232
ER1_OFTM_C01018_P2Y3W2,278
ER1_OFTM_C01031_P2Y3W2,241
ER1_OFTM_C01053_P2Y3W2,215
ER1_OFTM_C01056_P2Y3W2,237
ER1_OFTM_C01078_P2Y3W2,273
ER1_OFTM_C01094_P2Y3W2,183
ER1_OFTM_C01103_P2Y3W2,242
ER1_OFTM_C01104_P2Y3W2,231
ER1_OFTM_C01108_P2Y3W2,308
ER1_OFTM_C01121_P2Y3W2,686
ER1_OFTM_C01125_P2Y3W2,206
ER1_OFTM_C01127_P2Y3W2,188
ER1_OFTM_C01160_P2Y3W2,251
ER1_OFTM_C01162_P2Y3W2,178
ER1_OFTM_C01171_P2Y3W2,226
ER1_OFTM_C01185_P2Y3W2,279
ER1_OFTM_C01211_P2Y3W2,224
ER1_OFTM_C01222_P2Y3W2,286
ER1_OFTM_C01226_P2Y3W2,320
ER1_OFTM_C01262_P2Y3W2,239
ER1_OFTM_C01265_P2Y3W2,268
ER1_OFTM_C01294_P2Y3W2,185
ER1_OFTM_C01298_P2Y3W2,315
ER1_OFTM_C01336_P2Y3W2,648
ER1_OFTM_C02230_P2Y3W2,284
ER1_OFTM_C02232_P2Y3W2,378
ER1_OFTM_C02234_P2Y3W2,294
ER1_OFTM_C02239_P2Y3W2,201
ER1_OFTM_C02255_P2Y3W2,262
ER1_OFTM_C02262_P2Y3W2,236
ER1_OFTM_C02267_P2Y3W2,354
ER1_OFTM_C02274_P2Y3W2,218
ER1_OFTM_C02276_P2Y3W2,169
ER1_OFTM_C02277_P2Y3W2,204
ER1_OFTM_C02278_P2Y3W2,148
ER1_OFTM_C02279_P2Y3W2,302
ER1_OFTM_C02282_P2Y3W2,228
ER1_OFTM_C02287_P2Y3W2,104
ER1_OFTM_C02295_P2Y3W2,316
ER1_OFTM_C02297_P2Y3W2,278
ER1_OFTM_C02315_P2Y3W2,210
ER1_OFTM_C02325_P2Y3W2,420
ER1_OFTM_C02335_P2Y3W2,458
ER1_OFTM_C02351_P2Y3W2,215
ER1_OFTM_C02352_P2Y3W2,335
ER1_OFTM_C02356_P2Y3W2,395
ER1_OFTM_C02359_P2Y3W2,249
ER1_OFTM_C02363_P2Y3W2,394
ER1_OFTM_C02364_P2Y3W2,283
ER1_OFTM_C02365_P2Y3W2,411
ER1_OFTM_C02368_P2Y3W2,346
ER1_OFTM_C02373_P2Y3W2,295
ER1_OFTM_C02376_P2Y3W2,254
ER1_OFTM_C02378_P2Y3W2,229
ER1_OFTM_C02381_P2Y3W2,418
ER1_OFTM_C02383_P2Y3W2,629
ER1_OFTM_C02384_P2Y3W2,479
ER1_OFTM_C02386_P2Y3W2,311
ER1_OFTM_C02388_P2Y3W2,315
ER1_OFTM_C02389_P2Y3W2,341
ER1_OFTM_C02397_P2Y3W2,384
ER1_OFTM_C02415_P2Y3W2,202
ER1_OFTM_C02416_P2Y3W2,243
ER1_OFTM_C02423_P2Y3W2,301
ER1_OFTM_C02425_P2Y3W2,311
ER1_OFTM_C02426_P2Y3W2,355
ER1_OFTM_C02434_P2Y3W2,308
ER1_OFTM_C02442_P2Y3W2,536
ER1_OFTM_C02443_P2Y3W2,328
ER1_OFTM_C02448_P2Y3W2,221
ER1_OFTM_C02449_P2Y3W2,263
ER1_OFTM_C02450_P2Y3W2,412
ER1_OFTM_C02475_P2Y3W2,365
ER1_OFTM_C02476_P2Y3W2,333
ER1_OFTM_C02478_P2Y3W2,531
ER1_OFTM_C02479_P2Y3W2,265
ER1_OFTM_C02481_P2Y3W2,288
ER1_OFTM_C02482_P2Y3W2,364
ER1_OFTM_C02483_P2Y3W2,172
ER1_OFTM_C02484_P2Y3W2,248
ER1_OFTM_C02488_P2Y3W2,206
ER1_OFTM_C02489_P2Y3W2,309
ER1_OFTM_C02492_P2Y3W2,194
ER1_OFTM_C02493_P2Y3W2,304
ER1_OFTM_C02496_P2Y3W2,257
ER1_OFTM_C02498_P2Y3W2,218
ER1_OFTM_C02502_P2Y3W2,178
ER1_OFTM_C02503_P2Y3W2,202
ER1_OFTM_C02506_P2Y3W2,261
ER1_OFTM_C02507_P2Y3W2,316
ER1_OFTM_C02551_P2Y3W2,344
ER1_OFTM_C02552_P2Y3W2,195
ER1_OFTM_C02576_P2Y3W2,257
ER1_OFTM_C02579_P2Y3W2,305
ER1_OFTM_C02588_P2Y3W2,230
ER1_OFTM_C02594_P2Y3W2,578
ER1_OFTM_C02596_P2Y3W2,276
ER1_OFTM_C02599_P2Y3W2,239
ER1_OFTM_C02619_P2Y3W2,310
ER1_OFTM_C02626_P2Y3W2,192
ER1_OFTM_C02637_P2Y3W2,286
ER1_OFTM_C02640_P2Y3W2,331
ER1_OFTM_C02645_P2Y3W2,156
ER1_OFTM_C02647_P2Y3W2,278
ER1_OFTM_C02651_P2Y3W2,211
ER1_OFTM_C02661_P2Y3W2,450
ER1_OFTM_C02663_P2Y3W2,281
ER1_OFTM_C02808_P2Y3W2,297
ER1_OFTM_C02834_P2Y3W2,309
ER1_OFTM_C03008_P2Y3W2,247
ER1_OFTM_C03012_P2Y3W2,220
ER2_FGTD_C00015_P2Y4W2,300
ER2_FGTD_C00020_P2Y4W2,314
ER2_FGTD_C00026_P2Y4W2,377
ER2_FGTD_C00027_P2Y4W2,447
ER2_FGTD_C00031_P2Y4W2,320
ER2_FGTD_C00048_P2Y4W2,242
ER2_FGTD_C00049_P2Y4W2,483
ER2_FGTD_C00055_P2Y4W2,354
ER2_FGTD_C00067_P2Y4W2,285
ER2_FGTD_C00077_P2Y4W2,272
ER2_FGTD_C00082_P2Y4W2,349
ER2_FGTD_C00090_P2Y4W2,341
ER2_FGTD_C00094_P2Y4W2,363
ER2_FGTD_C00119_P2Y4W2,391
ER2_FGTD_C00126_P2Y4W2,352
ER2_FGTD_C00127_P2Y4W2,500
ER2_FGTD_C00135_P2Y4W2,350
ER2_FGTD_C00137_P2Y4W2,487
ER2_FGTD_C00141_P2Y4W2,218
ER2_FGTD_C00146_P2Y4W2,328
ER2_FGTD_C00147_P2Y4W2,426
ER2_FGTD_C00148_P2Y4W2,273
ER2_FGTD_C00152_P2Y4W2,494
ER2_FGTD_C00172_P2Y4W2,261
ER2_FGTD_C00178_P2Y4W2,373
ER2_FGTD_C00179_P2Y4W2,389
ER2_FGTD_C00182_P2Y4W2,310
ER2_FGTD_C00183_P2Y4W2,560
ER2_FGTD_C00188_P2Y4W2,261
ER2_FGTD_C00189_P2Y4W2,210
ER2_FGTD_C00191_P2Y4W2,284
ER2_FGTD_C00192_P2Y4W2,233
ER2_FGTD_C00198_P2Y4W2,394
ER2_FGTD_C00201_P2Y4W2,244
ER2_FGTD_C00209_P2Y4W2,263
ER2_FGTD_C00226_P2Y4W2,397
ER2_FGTD_C00231_P2Y4W2,415
ER2_FGTD_C00235_P2Y4W2,357
ER2_FGTD_C00237_P2Y4W2,393
ER2_FGTD_C00275_P2Y4W2,502
ER2_FGTD_C00372_P2Y4W2,424
ER2_FGTD_C00375_P2Y4W2,518
ER2_FGTD_C00376_P2Y4W2,466
ER2_FGTD_C00379_P2Y4W2,354
ER2_FGTD_C00384_P2Y4W2,331
ER2_FGTD_C00388_P2Y4W2,393
ER2_FGTD_C00392_P2Y4W2,284
ER2_FGTD_C00393_P2Y4W2,411
ER2_FGTD_C00401_P2Y4W2,477
ER2_FGTD_C00409_P2Y4W2,392
ER2_FGTD_C00423_P2Y4W2,317
ER2_FGTD_C00433_P2Y4W2,283
ER2_FGTD_C00439_P2Y4W2,283
ER2_FGTD_C00445_P2Y4W2,298
ER2_FGTD_C00466_P2Y4W2,379
ER2_FGTD_C00476_P2Y4W2,338
ER2_FGTD_C00503_P2Y4W2,291
ER2_FGTD_C00507_P2Y4W2,341
ER2_FGTD_C00523_P2Y4W2,196
ER2_FGTD_C00552_P2Y4W2,212
ER2_FGTD_C00564_P2Y4W2,294
ER2_FGTD_C00589_P2Y4W2,426
ER2_FGTD_C00598_P2Y4W2,394
ER2_FGTD_C00600_P2Y4W2,341
ER2_FGTD_C00605_P2Y4W2,333
ER2_FGTD_C00633_P2Y4W2,291
ER2_FGTD_C00642_P2Y4W2,407
ER2_FGTD_C00652_P2Y4W2,366
ER2_FGTD_C00657_P2Y4W2,408
ER2_FGTD_C00672_P2Y4W2,566
ER2_FGTD_C00683_P2Y4W2,331
ER2_FGTD_C00692_P2Y4W2,328
ER2_FGTD_C00741_P2Y4W2,349
ER2_FGTD_C00748_P2Y4W2,363
ER2_FGTD_C00753_P2Y4W2,373
ER2_FGTD_C00790_P2Y4W2,290
ER2_FGTD_C00793_P2Y4W2,282
ER2_FGTD_C00826_P2Y4W2,269
ER2_FGTD_C00828_P2Y4W2,263
ER2_FGTD_C00837_P2Y4W2,245
ER2_FGTD_C00853_P2Y4W2,229
ER2_FGTD_C00857_P2Y4W2,292
ER2_FGTD_C00919_P2Y4W2,278
ER2_FGTD_C00931_P2Y4W2,318
ER2_FGTD_C00973_P2Y4W2,365
ER2_FGTD_C00976_P2Y4W2,346
ER2_FGTD_C00992_P2Y4W2,535
ER2_FGTD_C00999_P2Y4W2,409
ER2_FGTD_C01003_P2Y4W2,351
ER2_FGTD_C01006_P2Y4W2,345
ER2_FGTD_C01018_P2Y4W2,388
ER2_FGTD_C01031_P2Y4W2,137
ER2_FGTD_C01053_P2Y4W2,212
ER2_FGTD_C01056_P2Y4W2,0
ER2_FGTD_C01078_P2Y4W2,319
ER2_FGTD_C01094_P2Y4W2,263
ER2_FGTD_C01103_P2Y4W2,457
ER2_FGTD_C01104_P2Y4W2,299
ER2_FGTD_C01108_P2Y4W2,336
ER2_FGTD_C01121_P2Y4W2,356
ER2_FGTD_C01125_P2Y4W2,367
ER2_FGTD_C01127_P2Y4W2,312
ER2_FGTD_C01160_P2Y4W2,334
ER2_FGTD_C01162_P2Y4W2,289
ER2_FGTD_C01171_P2Y4W2,269
ER2_FGTD_C01185_P2Y4W2,262
ER2_FGTD_C01211_P2Y4W2,372
ER2_FGTD_C01222_P2Y4W2,540
ER2_FGTD_C01226_P2Y4W2,367
ER2_FGTD_C01262_P2Y4W2,348
ER2_FGTD_C01265_P2Y4W2,430
ER2_FGTD_C01294_P2Y4W2,181
ER2_FGTD_C01298_P2Y4W2,303
ER2_FGTD_C01336_P2Y4W2,485
ER2_FGTD_C02230_P2Y4W2,357
ER2_FGTD_C02232_P2Y4W2,261
ER2_FGTD_C02234_P2Y4W2,353
ER2_FGTD_C02239_P2Y4W2,233
ER2_FGTD_C02255_P2Y4W2,300
ER2_FGTD_C02262_P2Y4W2,297
ER2_FGTD_C02267_P2Y4W2,322
ER2_FGTD_C02274_P2Y4W2,253
ER2_FGTD_C02276_P2Y4W2,252
ER2_FGTD_C02278_P2Y4W2,216
ER2_FGTD_C02279_P2Y4W2,287
ER2_FGTD_C02282_P2Y4W2,440
ER2_FGTD_C02287_P2Y4W2,194
ER2_FGTD_C02295_P2Y4W2,294
ER2_FGTD_C02297_P2Y4W2,365
ER2_FGTD_C02315_P2Y4W2,301
ER2_FGTD_C02325_P2Y4W2,363
ER2_FGTD_C02335_P2Y4W2,377
ER2_FGTD_C02351_P2Y4W2,268
ER2_FGTD_C02352_P2Y4W2,390
ER2_FGTD_C02356_P2Y4W2,410
ER2_FGTD_C02359_P2Y4W2,282
ER2_FGTD_C02363_P2Y4W2,336
ER2_FGTD_C02364_P2Y4W2,343
ER2_FGTD_C02365_P2Y4W2,420
ER2_FGTD_C02368_P2Y4W2,227
ER2_FGTD_C02373_P2Y4W2,363
ER2_FGTD_C02376_P2Y4W2,306
ER2_FGTD_C02378_P2Y4W2,214
ER2_FGTD_C02381_P2Y4W2,365
ER2_FGTD_C02383_P2Y4W2,204
ER2_FGTD_C02384_P2Y4W2,305
ER2_FGTD_C02386_P2Y4W2,282
ER2_FGTD_C02388_P2Y4W2,350
ER2_FGTD_C02389_P2Y4W2,287
ER2_FGTD_C02397_P2Y4W2,353
ER2_FGTD_C02415_P2Y4W2,270
ER2_FGTD_C02416_P2Y4W2,242
ER2_FGTD_C02423_P2Y4W2,273
ER2_FGTD_C02425_P2Y4W2,385
ER2_FGTD_C02426_P2Y4W2,364
ER2_FGTD_C02434_P2Y4W2,398
ER2_FGTD_C02442_P2Y4W2,333
ER2_FGTD_C02443_P2Y4W2,245
ER2_FGTD_C02448_P2Y4W2,351
ER2_FGTD_C02449_P2Y4W2,271
ER2_FGTD_C02450_P2Y4W2,354
ER2_FGTD_C02475_P2Y4W2,298
ER2_FGTD_C02476_P2Y4W2,372
ER2_FGTD_C02478_P2Y4W2,360
ER2_FGTD_C02479_P2Y4W2,239
ER2_FGTD_C02481_P2Y4W2,261
ER2_FGTD_C02482_P2Y4W2,378
ER2_FGTD_C02483_P2Y4W2,235
ER2_FGTD_C02484_P2Y4W2,400
ER2_FGTD_C02488_P2Y4W2,280
ER2_FGTD_C02489_P2Y4W2,294
ER2_FGTD_C02492_P2Y4W2,306
ER2_FGTD_C02493_P2Y4W2,279
ER2_FGTD_C02496_P2Y4W2,327
ER2_FGTD_C02498_P2Y4W2,272
ER2_FGTD_C02502_P2Y4W2,222
ER2_FGTD_C02503_P2Y4W2,221
ER2_FGTD_C02506_P2Y4W2,222
ER2_FGTD_C02507_P2Y4W2,297
ER2_FGTD_C02551_P2Y4W2,354
ER2_FGTD_C02552_P2Y4W2,285
ER2_FGTD_C02576_P2Y4W2,253
ER2_FGTD_C02579_P2Y4W2,337
ER2_FGTD_C02588_P2Y4W2,374
ER2_FGTD_C02594_P2Y4W2,320
ER2_FGTD_C02596_P2Y4W2,222
ER2_FGTD_C02599_P2Y4W2,184
ER2_FGTD_C02619_P2Y4W2,294
ER2_FGTD_C02626_P2Y4W2,321
ER2_FGTD_C02637_P2Y4W2,236
ER2_FGTD_C02640_P2Y4W2,458
ER2_FGTD_C02645_P2Y4W2,299
ER2_FGTD_C02647_P2Y4W2,275
ER2_FGTD_C02651_P2Y4W2,306
ER2_FGTD_C02661_P2Y4W2,312
ER2_FGTD_C02663_P2Y4W2,303
ER2_FGTD_C02808_P2Y4W2,358
ER2_FGTD_C02834_P2Y4W2,347
ER2_FGTD_C03008_P2Y4W2,256
ER2_FGTD_C03012_P2Y4W2,322
ER2_FWAY_C00015_P2Y4W1,259
ER2_FWAY_C00020_P2Y4W1,382
ER2_FWAY_C00026_P2Y4W1,290
ER2_FWAY_C00027_P2Y4W1,368
ER2_FWAY_C00031_P2Y4W1,322
ER2_FWAY_C00048_P2Y4W1,221
ER2_FWAY_C00049_P2Y4W1,321
ER2_FWAY_C00055_P2Y4W1,218
ER2_FWAY_C00067_P2Y4W1,168
ER2_FWAY_C00077_P2Y4W1,245
ER2_FWAY_C00082_P2Y4W1,379
ER2_FWAY_C00090_P2Y4W1,298
ER2_FWAY_C00094_P2Y4W1,259
ER2_FWAY_C00119_P2Y4W1,254
ER2_FWAY_C00126_P2Y4W1,215
ER2_FWAY_C00127_P2Y4W1,342
ER2_FWAY_C00135_P2Y4W1,285
ER2_FWAY_C00137_P2Y4W1,295
ER2_FWAY_C00141_P2Y4W1,189
ER2_FWAY_C00146_P2Y4W1,219
ER2_FWAY_C00147_P2Y4W1,262
ER2_FWAY_C00148_P2Y4W1,194
ER2_FWAY_C00152_P2Y4W1,471
ER2_FWAY_C00172_P2Y4W1,218
ER2_FWAY_C00178_P2Y4W1,347
ER2_FWAY_C00179_P2Y4W1,361
ER2_FWAY_C00182_P2Y4W1,225
ER2_FWAY_C00183_P2Y4W1,498
ER2_FWAY_C00188_P2Y4W1,310
ER2_FWAY_C00189_P2Y4W1,182
ER2_FWAY_C00191_P2Y4W1,190
ER2_FWAY_C00192_P2Y4W1,209
ER2_FWAY_C00198_P2Y4W1,176
ER2_FWAY_C00201_P2Y4W1,172
ER2_FWAY_C00209_P2Y4W1,176
ER2_FWAY_C00226_P2Y4W1,229
ER2_FWAY_C00231_P2Y4W1,278
ER2_FWAY_C00235_P2Y4W1,199
ER2_FWAY_C00237_P2Y4W1,366
ER2_FWAY_C00275_P2Y4W1,417
ER2_FWAY_C00372_P2Y4W1,328
ER2_FWAY_C00375_P2Y4W1,453
ER2_FWAY_C00376_P2Y4W1,392
ER2_FWAY_C00379_P2Y4W1,277
ER2_FWAY_C00384_P2Y4W1,188
ER2_FWAY_C00388_P2Y4W1,286
ER2_FWAY_C00392_P2Y4W1,261
ER2_FWAY_C00393_P2Y4W1,304
ER2_FWAY_C00401_P2Y4W1,363
ER2_FWAY_C00409_P2Y4W1,244
ER2_FWAY_C00423_P2Y4W1,300
ER2_FWAY_C00433_P2Y4W1,256
ER2_FWAY_C00439_P2Y4W1,324
ER2_FWAY_C00445_P2Y4W1,156
ER2_FWAY_C00466_P2Y4W1,342
ER2_FWAY_C00476_P2Y4W1,397
ER2_FWAY_C00503_P2Y4W1,313
ER2_FWAY_C00507_P2Y4W1,365
ER2_FWAY_C00523_P2Y4W1,257
ER2_FWAY_C00552_P2Y4W1,165
ER2_FWAY_C00564_P2Y4W1,372
ER2_FWAY_C00589_P2Y4W1,228
ER2_FWAY_C00598_P2Y4W1,360
ER2_FWAY_C00600_P2Y4W1,381
ER2_FWAY_C00605_P2Y4W1,351
ER2_FWAY_C00633_P2Y4W1,293
ER2_FWAY_C00642_P2Y4W1,424
ER2_FWAY_C00652_P2Y4W1,329
ER2_FWAY_C00657_P2Y4W1,442
ER2_FWAY_C00672_P2Y4W1,435
ER2_FWAY_C00683_P2Y4W1,264
ER2_FWAY_C00692_P2Y4W1,210
ER2_FWAY_C00741_P2Y4W1,344
ER2_FWAY_C00748_P2Y4W1,287
ER2_FWAY_C00753_P2Y4W1,293
ER2_FWAY_C00790_P2Y4W1,302
ER2_FWAY_C00793_P2Y4W1,244
ER2_FWAY_C00826_P2Y4W1,211
ER2_FWAY_C00828_P2Y4W1,355
ER2_FWAY_C00837_P2Y4W1,380
ER2_FWAY_C00853_P2Y4W1,368
ER2_FWAY_C00857_P2Y4W1,237
ER2_FWAY_C00919_P2Y4W1,280
ER2_FWAY_C00931_P2Y4W1,285
ER2_FWAY_C00973_P2Y4W1,294
ER2_FWAY_C00976_P2Y4W1,247
ER2_FWAY_C00992_P2Y4W1,479
ER2_FWAY_C00999_P2Y4W1,290
ER2_FWAY_C01003_P2Y4W1,282
ER2_FWAY_C01006_P2Y4W1,325
ER2_FWAY_C01018_P2Y4W1,329
ER2_FWAY_C01031_P2Y4W1,176
ER2_FWAY_C01053_P2Y4W1,231
ER2_FWAY_C01056_P2Y4W1,201
ER2_FWAY_C01078_P2Y4W1,293
ER2_FWAY_C01094_P2Y4W1,230
ER2_FWAY_C01103_P2Y4W1,209
ER2_FWAY_C01104_P2Y4W1,255
ER2_FWAY_C01108_P2Y4W1,259
ER2_FWAY_C01121_P2Y4W1,343
ER2_FWAY_C01125_P2Y4W1,210
ER2_FWAY_C01127_P2Y4W1,238
ER2_FWAY_C01160_P2Y4W1,298
ER2_FWAY_C01162_P2Y4W1,299
ER2_FWAY_C01171_P2Y4W1,273
ER2_FWAY_C01185_P2Y4W1,384
ER2_FWAY_C01211_P2Y4W1,258
ER2_FWAY_C01222_P2Y4W1,349
ER2_FWAY_C01226_P2Y4W1,346
ER2_FWAY_C01262_P2Y4W1,222
ER2_FWAY_C01265_P2Y4W1,343
ER2_FWAY_C01294_P2Y4W1,155
ER2_FWAY_C01298_P2Y4W1,228
ER2_FWAY_C01336_P2Y4W1,336
ER2_FWAY_C02230_P2Y4W1,275
ER2_FWAY_C02232_P2Y4W1,257
ER2_FWAY_C02234_P2Y4W1,226
ER2_FWAY_C02239_P2Y4W1,211
ER2_FWAY_C02255_P2Y4W1,177
ER2_FWAY_C02262_P2Y4W1,213
ER2_FWAY_C02267_P2Y4W1,308
ER2_FWAY_C02274_P2Y4W1,256
ER2_FWAY_C02276_P2Y4W1,252
ER2_FWAY_C02278_P2Y4W1,212
ER2_FWAY_C02279_P2Y4W1,247
ER2_FWAY_C02282_P2Y4W1,237
ER2_FWAY_C02287_P2Y4W1,155
ER2_FWAY_C02295_P2Y4W1,338
ER2_FWAY_C02297_P2Y4W1,247
ER2_FWAY_C02315_P2Y4W1,397
ER2_FWAY_C02325_P2Y4W1,329
ER2_FWAY_C02335_P2Y4W1,435
ER2_FWAY_C02351_P2Y4W1,287
ER2_FWAY_C02352_P2Y4W1,301
ER2_FWAY_C02356_P2Y4W1,462
ER2_FWAY_C02359_P2Y4W1,200
ER2_FWAY_C02363_P2Y4W1,400
ER2_FWAY_C02364_P2Y4W1,321
ER2_FWAY_C02365_P2Y4W1,396
ER2_FWAY_C02368_P2Y4W1,163
ER2_FWAY_C02373_P2Y4W1,384
ER2_FWAY_C02376_P2Y4W1,257
ER2_FWAY_C02378_P2Y4W1,255
ER2_FWAY_C02381_P2Y4W1,368
ER2_FWAY_C02383_P2Y4W1,315
ER2_FWAY_C02384_P2Y4W1,322
ER2_FWAY_C02386_P2Y4W1,242
ER2_FWAY_C02388_P2Y4W1,313
ER2_FWAY_C02389_P2Y4W1,318
ER2_FWAY_C02397_P2Y4W1,308
ER2_FWAY_C02415_P2Y4W1,222
ER2_FWAY_C02416_P2Y4W1,222
ER2_FWAY_C02423_P2Y4W1,216
ER2_FWAY_C02425_P2Y4W1,277
ER2_FWAY_C02426_P2Y4W1,394
ER2_FWAY_C02434_P2Y4W1,228
ER2_FWAY_C02442_P2Y4W1,321
ER2_FWAY_C02443_P2Y4W1,164
ER2_FWAY_C02448_P2Y4W1,233
ER2_FWAY_C02449_P2Y4W1,275
ER2_FWAY_C02450_P2Y4W1,390
ER2_FWAY_C02475_P2Y4W1,253
ER2_FWAY_C02476_P2Y4W1,262
ER2_FWAY_C02478_P2Y4W1,333
ER2_FWAY_C02479_P2Y4W1,267
ER2_FWAY_C02481_P2Y4W1,276
ER2_FWAY_C02482_P2Y4W1,285
ER2_FWAY_C02483_P2Y4W1,195
ER2_FWAY_C02484_P2Y4W1,233
ER2_FWAY_C02488_P2Y4W1,270
ER2_FWAY_C02489_P2Y4W1,277
ER2_FWAY_C02492_P2Y4W1,202
ER2_FWAY_C02493_P2Y4W1,197
ER2_FWAY_C02496_P2Y4W1,310
ER2_FWAY_C02498_P2Y4W1,213
ER2_FWAY_C02502_P2Y4W1,271
ER2_FWAY_C02503_P2Y4W1,191
ER2_FWAY_C02506_P2Y4W1,193
ER2_FWAY_C02507_P2Y4W1,209
ER2_FWAY_C02551_P2Y4W1,341
ER2_FWAY_C02552_P2Y4W1,205
ER2_FWAY_C02576_P2Y4W1,291
ER2_FWAY_C02579_P2Y4W1,414
ER2_FWAY_C02588_P2Y4W1,307
ER2_FWAY_C02594_P2Y4W1,314
ER2_FWAY_C02596_P2Y4W1,250
ER2_FWAY_C02599_P2Y4W1,265
ER2_FWAY_C02619_P2Y4W1,341
ER2_FWAY_C02626_P2Y4W1,345
ER2_FWAY_C02637_P2Y4W1,170
ER2_FWAY_C02640_P2Y4W1,282
ER2_FWAY_C02645_P2Y4W1,169
ER2_FWAY_C02647_P2Y4W1,302
ER2_FWAY_C02651_P2Y4W1,231
ER2_FWAY_C02661_P2Y4W1,291
ER2_FWAY_C02663_P2Y4W1,269
ER2_FWAY_C02808_P2Y4W1,282
ER2_FWAY_C02834_P2Y4W1,309
ER2_FWAY_C03008_P2Y4W1,310
ER2_FWAY_C03012_P2Y4W1,232
ERK_FGTD_C00015_P2W2,304
ERK_FGTD_C00020_P2W2,428
ERK_FGTD_C00022_P2W2,168
ERK_FGTD_C00026_P2W2,356
ERK_FGTD_C00027_P2W2,200
ERK_FGTD_C00031_P2W2,241
ERK_FGTD_C00048_P2W2,207
ERK_FGTD_C00049_P2W2,266
ERK_FGTD_C00055_P2W2,148
ERK_FGTD_C00067_P2W2,92
ERK_FGTD_C00077_P2W2,184
ERK_FGTD_C00082_P2W2,274
ERK_FGTD_C00090_P2W2,236
ERK_FGTD_C00094_P2W2,328
ERK_FGTD_C00119_P2W2,344
ERK_FGTD_C00125_P2W2,86
ERK_FGTD_C00126_P2W2,186
ERK_FGTD_C00127_P2W2,301
ERK_FGTD_C00135_P2W2,39
ERK_FGTD_C00137_P2W2,148
ERK_FGTD_C00141_P2W2,152
ERK_FGTD_C00142_P2W2,229
ERK_FGTD_C00146_P2W2,118
ERK_FGTD_C00147_P2W2,66
ERK_FGTD_C00148_P2W2,63
ERK_FGTD_C00152_P2W2,144
ERK_FGTD_C00167_P2W2,284
ERK_FGTD_C00172_P2W2,52
ERK_FGTD_C00178_P2W2,123
ERK_FGTD_C00179_P2W2,203
ERK_FGTD_C00182_P2W2,217
ERK_FGTD_C00183_P2W2,364
ERK_FGTD_C00188_P2W2,242
ERK_FGTD_C00189_P2W2,190
ERK_FGTD_C00191_P2W2,207
ERK_FGTD_C00192_P2W2,274
ERK_FGTD_C00198_P2W2,396
ERK_FGTD_C00201_P2W2,170
ERK_FGTD_C00209_P2W2,383
ERK_FGTD_C00226_P2W2,174
ERK_FGTD_C00231_P2W2,430
ERK_FGTD_C00235_P2W2,240
ERK_FGTD_C00237_P2W2,493
ERK_FGTD_C00275_P2W2,543
ERK_FGTD_C00372_P2W2,260
ERK_FGTD_C00375_P2W2,404
ERK_FGTD_C00376_P2W2,140
ERK_FGTD_C00379_P2W2,109
ERK_FGTD_C00384_P2W2,151
ERK_FGTD_C00388_P2W2,156
ERK_FGTD_C00392_P2W2,91
ERK_FGTD_C00393_P2W2,330
ERK_FGTD_C00401_P2W2,339
ERK_FGTD_C00409_P2W2,222
ERK_FGTD_C00423_P2W2,152
ERK_FGTD_C00433_P2W2,256
ERK_FGTD_C00439_P2W2,218
ERK_FGTD_C00445_P2W2,208
ERK_FGTD_C00466_P2W2,182
ERK_FGTD_C00476_P2W2,255
ERK_FGTD_C00503_P2W2,206
ERK_FGTD_C00507_P2W2,303
ERK_FGTD_C00523_P2W2,269
ERK_FGTD_C00552_P2W2,264
ERK_FGTD_C00564_P2W2,274
ERK_FGTD_C00589_P2W2,223
ERK_FGTD_C00598_P2W2,203
ERK_FGTD_C00600_P2W2,140
ERK_FGTD_C00605_P2W2,193
ERK_FGTD_C00633_P2W2,277
ERK_FGTD_C00642_P2W2,319
ERK_FGTD_C00652_P2W2,297
ERK_FGTD_C00657_P2W2,186
ERK_FGTD_C00672_P2W2,314
ERK_FGTD_C00683_P2W2,202
ERK_FGTD_C00692_P2W2,177
ERK_FGTD_C00741_P2W2,327
ERK_FGTD_C00748_P2W2,219
ERK_FGTD_C00753_P2W2,163
ERK_FGTD_C00790_P2W2,212
ERK_FGTD_C00793_P2W2,285
ERK_FGTD_C00826_P2W2,91
ERK_FGTD_C00828_P2W2,218
ERK_FGTD_C00837_P2W2,263
ERK_FGTD_C00853_P2W2,201
ERK_FGTD_C00857_P2W2,85
ERK_FGTD_C00919_P2W2,195
ERK_FGTD_C00931_P2W2,326
ERK_FGTD_C00973_P2W2,210
ERK_FGTD_C00976_P2W2,105
ERK_FGTD_C00992_P2W2,275
ERK_FGTD_C00999_P2W2,167
ERK_FGTD_C01003_P2W2,195
ERK_FGTD_C01006_P2W2,151
ERK_FGTD_C01018_P2W2,115
ERK_FGTD_C01031_P2W2,115
ERK_FGTD_C01053_P2W2,189
ERK_FGTD_C01056_P2W2,255
ERK_FGTD_C01078_P2W2,273
ERK_FGTD_C01094_P2W2,172
ERK_FGTD_C01103_P2W2,288
ERK_FGTD_C01104_P2W2,243
ERK_FGTD_C01108_P2W2,147
ERK_FGTD_C01121_P2W2,275
ERK_FGTD_C01125_P2W2,238
ERK_FGTD_C01127_P2W2,178
ERK_FGTD_C01160_P2W2,221
ERK_FGTD_C01162_P2W2,182
ERK_FGTD_C01171_P2W2,150
ERK_FGTD_C01185_P2W2,105
ERK_FGTD_C01211_P2W2,160
ERK_FGTD_C01222_P2W2,276
ERK_FGTD_C01226_P2W2,306
ERK_FGTD_C01262_P2W2,73
ERK_FGTD_C01265_P2W2,265
ERK_FGTD_C01294_P2W2,201
ERK_FGTD_C01298_P2W2,227
ERK_FGTD_C01336_P2W2,137
ERK_FGTD_C02230_P2W2,476
ERK_FGTD_C02232_P2W2,132
ERK_FGTD_C02234_P2W2,196
ERK_FGTD_C02239_P2W2,37
ERK_FGTD_C02255_P2W2,112
ERK_FGTD_C02262_P2W2,132
ERK_FGTD_C02267_P2W2,197
ERK_FGTD_C02274_P2W2,119
ERK_FGTD_C02276_P2W2,195
ERK_FGTD_C02277_P2W2,88
ERK_FGTD_C02278_P2W2,65
ERK_FGTD_C02279_P2W2,190
ERK_FGTD_C02282_P2W2,219
ERK_FGTD_C02287_P2W2,87
ERK_FGTD_C02295_P2W2,323
ERK_FGTD_C02297_P2W2,377
ERK_FGTD_C02315_P2W2,329
ERK_FGTD_C02325_P2W2,295
ERK_FGTD_C02335_P2W2,309
ERK_FGTD_C02351_P2W2,281
ERK_FGTD_C02352_P2W2,190
ERK_FGTD_C02356_P2W2,248
ERK_FGTD_C02359_P2W2,104
ERK_FGTD_C02363_P2W2,196
ERK_FGTD_C02364_P2W2,133
ERK_FGTD_C02365_P2W2,648
ERK_FGTD_C02368_P2W2,165
ERK_FGTD_C02373_P2W2,115
ERK_FGTD_C02376_P2W2,147
ERK_FGTD_C02378_P2W2,193
ERK_FGTD_C02381_P2W2,194
ERK_FGTD_C02383_P2W2,160
ERK_FGTD_C02384_P2W2,163
ERK_FGTD_C02386_P2W2,183
ERK_FGTD_C02388_P2W2,159
ERK_FGTD_C02389_P2W2,100
ERK_FGTD_C02397_P2W2,194
ERK_FGTD_C02415_P2W2,95
ERK_FGTD_C02416_P2W2,180
ERK_FGTD_C02423_P2W2,164
ERK_FGTD_C02425_P2W2,89
ERK_FGTD_C02426_P2W2,186
ERK_FGTD_C02434_P2W2,140
ERK_FGTD_C02442_P2W2,259
ERK_FGTD_C02443_P2W2,239
ERK_FGTD_C02448_P2W2,363
ERK_FGTD_C02449_P2W2,299
ERK_FGTD_C02450_P2W2,344
ERK_FGTD_C02475_P2W2,319
ERK_FGTD_C02476_P2W2,359
ERK_FGTD_C02478_P2W2,288
ERK_FGTD_C02479_P2W2,153
ERK_FGTD_C02481_P2W2,355
ERK_FGTD_C02482_P2W2,207
ERK_FGTD_C02483_P2W2,141
ERK_FGTD_C02484_P2W2,125
ERK_FGTD_C02488_P2W2,215
ERK_FGTD_C02489_P2W2,123
ERK_FGTD_C02492_P2W2,190
ERK_FGTD_C02493_P2W2,281
ERK_FGTD_C02496_P2W2,211
ERK_FGTD_C02498_P2W2,340
ERK_FGTD_C02502_P2W2,218
ERK_FGTD_C02503_P2W2,208
ERK_FGTD_C02506_P2W2,164
ERK_FGTD_C02507_P2W2,213
ERK_FGTD_C02551_P2W2,194
ERK_FGTD_C02552_P2W2,147
ERK_FGTD_C02576_P2W2,135
ERK_FGTD_C02579_P2W2,234
ERK_FGTD_C02588_P2W2,201
ERK_FGTD_C02594_P2W2,117
ERK_FGTD_C02596_P2W2,204
ERK_FGTD_C02599_P2W2,153
ERK_FGTD_C02619_P2W2,133
ERK_FGTD_C02626_P2W2,69
ERK_FGTD_C02637_P2W2,220
ERK_FGTD_C02640_P2W2,294
ERK_FGTD_C02645_P2W2,186
ERK_FGTD_C02647_P2W2,239
ERK_FGTD_C02651_P2W2,230
ERK_FGTD_C02661_P2W2,93
ERK_FGTD_C02663_P2W2,202
ERK_FGTD_C02808_P2W2,258
ERK_FGTD_C02834_P2W2,244
ERK_FGTD_C03008_P2W2,156
ERK_FGTD_C03012_P2W2,244
ERK_FWAY_C00015_P2W1,214
ERK_FWAY_C00020_P2W1,342
ERK_FWAY_C00022_P2W1,176
ERK_FWAY_C00026_P2W1,139
ERK_FWAY_C00027_P2W1,188
ERK_FWAY_C00031_P2W1,121
ERK_FWAY_C00048_P2W1,75
ERK_FWAY_C00049_P2W1,284
ERK_FWAY_C00055_P2W1,61
ERK_FWAY_C00067_P2W1,48
ERK_FWAY_C00077_P2W1,184
ERK_FWAY_C00082_P2W1,165
ERK_FWAY_C00090_P2W1,132
ERK_FWAY_C00094_P2W1,226
ERK_FWAY_C00119_P2W1,198
ERK_FWAY_C00125_P2W1,40
ERK_FWAY_C00126_P2W1,101
ERK_FWAY_C00127_P2W1,251
ERK_FWAY_C00135_P2W1,75
ERK_FWAY_C00137_P2W1,115
ERK_FWAY_C00141_P2W1,61
ERK_FWAY_C00142_P2W1,246
ERK_FWAY_C00146_P2W1,37
ERK_FWAY_C00147_P2W1,147
ERK_FWAY_C00148_P2W1,101
ERK_FWAY_C00152_P2W1,175
ERK_FWAY_C00167_P2W1,212
ERK_FWAY_C00172_P2W1,35
ERK_FWAY_C00178_P2W1,121
ERK_FWAY_C00179_P2W1,146
ERK_FWAY_C00182_P2W1,87
ERK_FWAY_C00183_P2W1,152
ERK_FWAY_C00188_P2W1,211
ERK_FWAY_C00189_P2W1,73
ERK_FWAY_C00191_P2W1,221
ERK_FWAY_C00192_P2W1,70
ERK_FWAY_C00198_P2W1,226
ERK_FWAY_C00201_P2W1,114
ERK_FWAY_C00209_P2W1,292
ERK_FWAY_C00226_P2W1,129
ERK_FWAY_C00231_P2W1,276
ERK_FWAY_C00235_P2W1,178
ERK_FWAY_C00237_P2W1,93
ERK_FWAY_C00275_P2W1,459
ERK_FWAY_C00372_P2W1,144
ERK_FWAY_C00375_P2W1,136
ERK_FWAY_C00376_P2W1,127
ERK_FWAY_C00379_P2W1,91
ERK_FWAY_C00384_P2W1,96
ERK_FWAY_C00388_P2W1,74
ERK_FWAY_C00392_P2W1,115
ERK_FWAY_C00393_P2W1,194
ERK_FWAY_C00401_P2W1,194
ERK_FWAY_C00409_P2W1,247
ERK_FWAY_C00423_P2W1,105
ERK_FWAY_C00433_P2W1,260
ERK_FWAY_C00439_P2W1,129
ERK_FWAY_C00445_P2W1,209
ERK_FWAY_C00466_P2W1,202
ERK_FWAY_C00476_P2W1,291
ERK_FWAY_C00503_P2W1,287
ERK_FWAY_C00507_P2W1,415
ERK_FWAY_C00523_P2W1,270
ERK_FWAY_C00552_P2W1,156
ERK_FWAY_C00564_P2W1,111
ERK_FWAY_C00589_P2W1,146
ERK_FWAY_C00598_P2W1,228
ERK_FWAY_C00600_P2W1,235
ERK_FWAY_C00605_P2W1,151
ERK_FWAY_C00633_P2W1,255
ERK_FWAY_C00642_P2W1,307
ERK_FWAY_C00652_P2W1,258
ERK_FWAY_C00657_P2W1,155
ERK_FWAY_C00672_P2W1,348
ERK_FWAY_C00683_P2W1,269
ERK_FWAY_C00692_P2W1,105
ERK_FWAY_C00741_P2W1,184
ERK_FWAY_C00748_P2W1,126
ERK_FWAY_C00753_P2W1,137
ERK_FWAY_C00790_P2W1,168
ERK_FWAY_C00793_P2W1,115
ERK_FWAY_C00826_P2W1,82
ERK_FWAY_C00828_P2W1,84
ERK_FWAY_C00837_P2W1,183
ERK_FWAY_C00853_P2W1,254
ERK_FWAY_C00857_P2W1,175
ERK_FWAY_C00919_P2W1,99
ERK_FWAY_C00931_P2W1,221
ERK_FWAY_C00973_P2W1,250
ERK_FWAY_C00976_P2W1,126
ERK_FWAY_C00992_P2W1,155
ERK_FWAY_C00999_P2W1,153
ERK_FWAY_C01003_P2W1,178
ERK_FWAY_C01006_P2W1,116
ERK_FWAY_C01018_P2W1,222
ERK_FWAY_C01031_P2W1,53
ERK_FWAY_C01053_P2W1,78
ERK_FWAY_C01056_P2W1,214
ERK_FWAY_C01078_P2W1,165
ERK_FWAY_C01094_P2W1,183
ERK_FWAY_C01103_P2W1,220
ERK_FWAY_C01104_P2W1,138
ERK_FWAY_C01108_P2W1,80
ERK_FWAY_C01121_P2W1,118
ERK_FWAY_C01125_P2W1,252
ERK_FWAY_C01127_P2W1,106
ERK_FWAY_C01160_P2W1,170
ERK_FWAY_C01162_P2W1,113
ERK_FWAY_C01171_P2W1,120
ERK_FWAY_C01185_P2W1,37
ERK_FWAY_C01211_P2W1,69
ERK_FWAY_C01222_P2W1,187
ERK_FWAY_C01226_P2W1,186
ERK_FWAY_C01262_P2W1,20
ERK_FWAY_C01265_P2W1,127
ERK_FWAY_C01294_P2W1,113
ERK_FWAY_C01298_P2W1,244
ERK_FWAY_C01336_P2W1,153
ERK_FWAY_C02230_P2W1,139
ERK_FWAY_C02232_P2W1,25
ERK_FWAY_C02234_P2W1,92
ERK_FWAY_C02239_P2W1,93
ERK_FWAY_C02255_P2W1,22
ERK_FWAY_C02262_P2W1,200
ERK_FWAY_C02267_P2W1,139
ERK_FWAY_C02274_P2W1,155
ERK_FWAY_C02276_P2W1,142
ERK_FWAY_C02277_P2W1,100
ERK_FWAY_C02278_P2W1,77
ERK_FWAY_C02279_P2W1,197
ERK_FWAY_C02282_P2W1,246
ERK_FWAY_C02287_P2W1,49
ERK_FWAY_C02295_P2W1,241
ERK_FWAY_C02297_P2W1,157
ERK_FWAY_C02315_P2W1,178
ERK_FWAY_C02325_P2W1,209
ERK_FWAY_C02335_P2W1,414
ERK_FWAY_C02351_P2W1,197
ERK_FWAY_C02352_P2W1,149
ERK_FWAY_C02356_P2W1,173
ERK_FWAY_C02359_P2W1,73
ERK_FWAY_C02363_P2W1,116
ERK_FWAY_C02364_P2W1,116
ERK_FWAY_C02365_P2W1,338
ERK_FWAY_C02368_P2W1,51
ERK_FWAY_C02373_P2W1,108
ERK_FWAY_C02376_P2W1,93
ERK_FWAY_C02378_P2W1,154
ERK_FWAY_C02381_P2W1,120
ERK_FWAY_C02383_P2W1,106
ERK_FWAY_C02384_P2W1,159
ERK_FWAY_C02386_P2W1,174
ERK_FWAY_C02388_P2W1,165
ERK_FWAY_C02389_P2W1,134
ERK_FWAY_C02397_P2W1,183
ERK_FWAY_C02415_P2W1,128
ERK_FWAY_C02416_P2W1,116
ERK_FWAY_C02423_P2W1,67
ERK_FWAY_C02425_P2W1,15
ERK_FWAY_C02426_P2W1,177
ERK_FWAY_C02434_P2W1,55
ERK_FWAY_C02442_P2W1,236
ERK_FWAY_C02443_P2W1,90
ERK_FWAY_C02448_P2W1,131
ERK_FWAY_C02449_P2W1,139
ERK_FWAY_C02450_P2W1,270
ERK_FWAY_C02475_P2W1,123
ERK_FWAY_C02476_P2W1,245
ERK_FWAY_C02478_P2W1,130
ERK_FWAY_C02479_P2W1,214
ERK_FWAY_C02481_P2W1,267
ERK_FWAY_C02482_P2W1,239
ERK_FWAY_C02483_P2W1,86
ERK_FWAY_C02484_P2W1,47
ERK_FWAY_C02488_P2W1,221
ERK_FWAY_C02489_P2W1,134
ERK_FWAY_C02492_P2W1,135
ERK_FWAY_C02493_P2W1,138
ERK_FWAY_C02496_P2W1,106
ERK_FWAY_C02498_P2W1,136
ERK_FWAY_C02502_P2W1,84
ERK_FWAY_C02503_P2W1,177
ERK_FWAY_C02506_P2W1,79
ERK_FWAY_C02507_P2W1,206
ERK_FWAY_C02551_P2W1,188
ERK_FWAY_C02552_P2W1,38
ERK_FWAY_C02576_P2W1,25
ERK_FWAY_C02579_P2W1,120
ERK_FWAY_C02588_P2W1,156
ERK_FWAY_C02594_P2W1,87
ERK_FWAY_C02596_P2W1,159
ERK_FWAY_C02599_P2W1,67
ERK_FWAY_C02619_P2W1,120
ERK_FWAY_C02626_P2W1,93
ERK_FWAY_C02637_P2W1,57
ERK_FWAY_C02640_P2W1,199
ERK_FWAY_C02645_P2W1,85
ERK_FWAY_C02647_P2W1,244
ERK_FWAY_C02651_P2W1,122
ERK_FWAY_C02661_P2W1,8
ERK_FWAY_C02663_P2W1,125
ERK_FWAY_C02808_P2W1,123
ERK_FWAY_C02834_P2W1,228
ERK_FWAY_C03008_P2W1,73
ERK_FWAY_C03012_P2W1,202