Filename,NTW.span
SR1_FGTD_C00022_P2Y4W2,168
SR1_FGTD_C00125_P2Y4W2,291
SR1_FGTD_C00142_P2Y4W2,248
SR1_FGTD_C00167_P2Y4W2,217
SR1_FGTD_C00445_P2Y3W2,112
SR1_FGTD_C00552_P2Y3W2,304
SR1_FGTD_C00589_P2Y3W2,244
SR1_FGTD_C01336_P2Y3W2,123
SR1_FGTD_C02277_P2Y4W2,114
SR1_FOHO_C00015_P2Y3W1,207
SR1_FOHO_C00020_P2Y3W1,268
SR1_FOHO_C00022_P2Y3W1,184
SR1_FOHO_C00026_P2Y3W1,133
SR1_FOHO_C00027_P2Y3W1,161
SR1_FOHO_C00031_P2Y3W1,232
SR1_FOHO_C00048_P2Y3W1,178
SR1_FOHO_C00049_P2Y3W1,521
SR1_FOHO_C00055_P2Y3W1,245
SR1_FOHO_C00067_P2Y3W1,298
SR1_FOHO_C00077_P2Y3W1,286
SR1_FOHO_C00082_P2Y3W1,325
SR1_FOHO_C00090_P2Y3W1,526
SR1_FOHO_C00094_P2Y3W1,290
SR1_FOHO_C00119_P2Y3W1,327
SR1_FOHO_C00125_P2Y3W1,214
SR1_FOHO_C00126_P2Y3W1,212
SR1_FOHO_C00127_P2Y3W1,285
SR1_FOHO_C00135_P2Y3W1,130
SR1_FOHO_C00137_P2Y3W1,324
SR1_FOHO_C00141_P2Y3W1,282
SR1_FOHO_C00142_P2Y3W1,242
SR1_FOHO_C00146_P2Y3W1,348
SR1_FOHO_C00147_P2Y3W1,423
SR1_FOHO_C00148_P2Y3W1,219
SR1_FOHO_C00152_P2Y3W1,340
SR1_FOHO_C00167_P2Y3W1,172
SR1_FOHO_C00172_P2Y3W1,287
SR1_FOHO_C00178_P2Y3W1,237
SR1_FOHO_C00179_P2Y3W1,372
SR1_FOHO_C00182_P2Y3W1,318
SR1_FOHO_C00183_P2Y3W1,437
SR1_FOHO_C00188_P2Y3W1,191
SR1_FOHO_C00189_P2Y3W1,152
SR1_FOHO_C00191_P2Y3W1,139
SR1_FOHO_C00192_P2Y3W1,193
SR1_FOHO_C00198_P2Y3W1,205
SR1_FOHO_C00201_P2Y3W1,210
SR1_FOHO_C00209_P2Y3W1,298
SR1_FOHO_C00226_P2Y3W1,143
SR1_FOHO_C00231_P2Y3W1,389
SR1_FOHO_C00235_P2Y3W1,131
SR1_FOHO_C00237_P2Y3W1,204
SR1_FOHO_C00275_P2Y3W1,401
SR1_FOHO_C00372_P2Y3W1,424
SR1_FOHO_C00375_P2Y3W1,529
SR1_FOHO_C00376_P2Y3W1,475
SR1_FOHO_C00379_P2Y3W1,437
SR1_FOHO_C00384_P2Y3W1,317
SR1_FOHO_C00388_P2Y3W1,202
SR1_FOHO_C00392_P2Y3W1,186
SR1_FOHO_C00393_P2Y3W1,477
SR1_FOHO_C00401_P2Y3W1,465
SR1_FOHO_C00409_P2Y3W1,212
SR1_FOHO_C00423_P2Y3W1,246
SR1_FOHO_C00433_P2Y3W1,238
SR1_FOHO_C00439_P2Y3W1,247
SR1_FOHO_C00445_P2Y3W1,158
SR1_FOHO_C00466_P2Y3W1,224
SR1_FOHO_C00476_P2Y3W1,262
SR1_FOHO_C00503_P2Y3W1,184
SR1_FOHO_C00507_P2Y3W1,192
SR1_FOHO_C00523_P2Y3W1,161
SR1_FOHO_C00552_P2Y3W1,201
SR1_FOHO_C00564_P2Y3W1,235
SR1_FOHO_C00589_P2Y3W1,250
SR1_FOHO_C00598_P2Y3W1,221
SR1_FOHO_C00600_P2Y3W1,185
SR1_FOHO_C00605_P2Y3W1,232
SR1_FOHO_C00633_P2Y3W1,160
SR1_FOHO_C00642_P2Y3W1,254
SR1_FOHO_C00652_P2Y3W1,373
SR1_FOHO_C00657_P2Y3W1,245
SR1_FOHO_C00672_P2Y3W1,218
SR1_FOHO_C00683_P2Y3W1,216
SR1_FOHO_C00692_P2Y3W1,250
SR1_FOHO_C00741_P2Y3W1,237
SR1_FOHO_C00748_P2Y3W1,310
SR1_FOHO_C00753_P2Y3W1,183
SR1_FOHO_C00790_P2Y3W1,295
SR1_FOHO_C00793_P2Y3W1,278
SR1_FOHO_C00826_P2Y3W1,229
SR1_FOHO_C00828_P2Y3W1,173
SR1_FOHO_C00837_P2Y3W1,255
SR1_FOHO_C00853_P2Y3W1,359
SR1_FOHO_C00857_P2Y3W1,226
SR1_FOHO_C00919_P2Y3W1,218
SR1_FOHO_C00931_P2Y3W1,235
SR1_FOHO_C00973_P2Y3W1,391
SR1_FOHO_C00976_P2Y3W1,360
SR1_FOHO_C00992_P2Y3W1,715
SR1_FOHO_C00999_P2Y3W1,437
SR1_FOHO_C01003_P2Y3W1,441
SR1_FOHO_C01006_P2Y3W1,430
SR1_FOHO_C01018_P2Y3W1,409
SR1_FOHO_C01031_P2Y3W1,248
SR1_FOHO_C01053_P2Y3W1,287
SR1_FOHO_C01056_P2Y3W1,390
SR1_FOHO_C01078_P2Y3W1,339
SR1_FOHO_C01094_P2Y3W1,214
SR1_FOHO_C01103_P2Y3W1,231
SR1_FOHO_C01104_P2Y3W1,249
SR1_FOHO_C01108_P2Y3W1,269
SR1_FOHO_C01121_P2Y3W1,251
SR1_FOHO_C01125_P2Y3W1,228
SR1_FOHO_C01127_P2Y3W1,264
SR1_FOHO_C01160_P2Y3W1,243
SR1_FOHO_C01162_P2Y3W1,285
SR1_FOHO_C01171_P2Y3W1,201
SR1_FOHO_C01185_P2Y3W1,276
SR1_FOHO_C01211_P2Y3W1,207
SR1_FOHO_C01222_P2Y3W1,189
SR1_FOHO_C01226_P2Y3W1,337
SR1_FOHO_C01262_P2Y3W1,144
SR1_FOHO_C01265_P2Y3W1,278
SR1_FOHO_C01294_P2Y3W1,141
SR1_FOHO_C01298_P2Y3W1,181
SR1_FOHO_C01336_P2Y3W1,280
SR1_FOHO_C02230_P2Y3W1,293
SR1_FOHO_C02232_P2Y3W1,269
SR1_FOHO_C02234_P2Y3W1,200
SR1_FOHO_C02239_P2Y3W1,172
SR1_FOHO_C02255_P2Y3W1,155
SR1_FOHO_C02262_P2Y3W1,168
SR1_FOHO_C02267_P2Y3W1,77
SR1_FOHO_C02274_P2Y3W1,92
SR1_FOHO_C02276_P2Y3W1,222
SR1_FOHO_C02277_P2Y3W1,124
SR1_FOHO_C02278_P2Y3W1,172
SR1_FOHO_C02279_P2Y3W1,180
SR1_FOHO_C02282_P2Y3W1,127
SR1_FOHO_C02287_P2Y3W1,148
SR1_FOHO_C02295_P2Y3W1,176
SR1_FOHO_C02297_P2Y3W1,236
SR1_FOHO_C02315_P2Y3W1,80
SR1_FOHO_C02325_P2Y3W1,153
SR1_FOHO_C02335_P2Y3W1,267
SR1_FOHO_C02351_P2Y3W1,107
SR1_FOHO_C02352_P2Y3W1,113
SR1_FOHO_C02356_P2Y3W1,177
SR1_FOHO_C02359_P2Y3W1,102
SR1_FOHO_C02363_P2Y3W1,321
SR1_FOHO_C02364_P2Y3W1,150
SR1_FOHO_C02365_P2Y3W1,354
SR1_FOHO_C02368_P2Y3W1,112
SR1_FOHO_C02373_P2Y3W1,118
SR1_FOHO_C02376_P2Y3W1,131
SR1_FOHO_C02378_P2Y3W1,204
SR1_FOHO_C02381_P2Y3W1,203
SR1_FOHO_C02383_P2Y3W1,184
SR1_FOHO_C02384_P2Y3W1,195
SR1_FOHO_C02386_P2Y3W1,234
SR1_FOHO_C02388_P2Y3W1,183
SR1_FOHO_C02389_P2Y3W1,156
SR1_FOHO_C02397_P2Y3W1,262
SR1_FOHO_C02415_P2Y3W1,209
SR1_FOHO_C02416_P2Y3W1,230
SR1_FOHO_C02423_P2Y3W1,143
SR1_FOHO_C02425_P2Y3W1,187
SR1_FOHO_C02426_P2Y3W1,443
SR1_FOHO_C02434_P2Y3W1,242
SR1_FOHO_C02442_P2Y3W1,152
SR1_FOHO_C02443_P2Y3W1,190
SR1_FOHO_C02448_P2Y3W1,229
SR1_FOHO_C02449_P2Y3W1,171
SR1_FOHO_C02450_P2Y3W1,242
SR1_FOHO_C02475_P2Y3W1,150
SR1_FOHO_C02476_P2Y3W1,175
SR1_FOHO_C02478_P2Y3W1,263
SR1_FOHO_C02479_P2Y3W1,150
SR1_FOHO_C02481_P2Y3W1,150
SR1_FOHO_C02482_P2Y3W1,282
SR1_FOHO_C02483_P2Y3W1,127
SR1_FOHO_C02484_P2Y3W1,136
SR1_FOHO_C02488_P2Y3W1,131
SR1_FOHO_C02489_P2Y3W1,175
SR1_FOHO_C02492_P2Y3W1,159
SR1_FOHO_C02493_P2Y3W1,149
SR1_FOHO_C02496_P2Y3W1,232
SR1_FOHO_C02498_P2Y3W1,310
SR1_FOHO_C02502_P2Y3W1,257
SR1_FOHO_C02503_P2Y3W1,108
SR1_FOHO_C02506_P2Y3W1,148
SR1_FOHO_C02507_P2Y3W1,147
SR1_FOHO_C02551_P2Y3W1,289
SR1_FOHO_C02552_P2Y3W1,174
SR1_FOHO_C02576_P2Y3W1,163
SR1_FOHO_C02579_P2Y3W1,114
SR1_FOHO_C02588_P2Y3W1,202
SR1_FOHO_C02594_P2Y3W1,154
SR1_FOHO_C02596_P2Y3W1,201
SR1_FOHO_C02599_P2Y3W1,152
SR1_FOHO_C02619_P2Y3W1,207
SR1_FOHO_C02626_P2Y3W1,222
SR1_FOHO_C02637_P2Y3W1,112
SR1_FOHO_C02640_P2Y3W1,203
SR1_FOHO_C02645_P2Y3W1,129
SR1_FOHO_C02647_P2Y3W1,155
SR1_FOHO_C02651_P2Y3W1,196
SR1_FOHO_C02661_P2Y3W1,221
SR1_FOHO_C02663_P2Y3W1,161
SR1_FOHO_C02808_P2Y3W1,150
SR1_FOHO_C02834_P2Y3W1,288
SR1_FOHO_C03008_P2Y3W1,290
SR1_FOHO_C03012_P2Y3W1,343
SR1_FWAY_C00022_P2Y4W1,163
SR1_FWAY_C00125_P2Y4W1,267
SR1_FWAY_C00142_P2Y4W1,174
SR1_FWAY_C00167_P2Y4W1,176
SR1_FWAY_C02277_P2Y4W1,177
SR1_OFTM_C00015_P2Y3W2,329
SR1_OFTM_C00020_P2Y3W2,301
SR1_OFTM_C00022_P2Y3W2,143
SR1_OFTM_C00026_P2Y3W2,192
SR1_OFTM_C00027_P2Y3W2,181
SR1_OFTM_C00031_P2Y3W2,242
SR1_OFTM_C00048_P2Y3W2,169
SR1_OFTM_C00049_P2Y3W2,320
SR1_OFTM_C00055_P2Y3W2,247
SR1_OFTM_C00067_P2Y3W2,211
SR1_OFTM_C00077_P2Y3W2,235
SR1_OFTM_C00082_P2Y3W2,214
SR1_OFTM_C00090_P2Y3W2,295
SR1_OFTM_C00094_P2Y3W2,234
SR1_OFTM_C00119_P2Y3W2,303
SR1_OFTM_C00125_P2Y3W2,271
SR1_OFTM_C00126_P2Y3W2,219
SR1_OFTM_C00127_P2Y3W2,661
SR1_OFTM_C00135_P2Y3W2,221
SR1_OFTM_C00137_P2Y3W2,293
SR1_OFTM_C00141_P2Y3W2,260
SR1_OFTM_C00142_P2Y3W2,302
SR1_OFTM_C00146_P2Y3W2,269
SR1_OFTM_C00147_P2Y3W2,257
SR1_OFTM_C00148_P2Y3W2,191
SR1_OFTM_C00152_P2Y3W2,376
SR1_OFTM_C00167_P2Y3W2,278
SR1_OFTM_C00172_P2Y3W2,237
SR1_OFTM_C00178_P2Y3W2,269
SR1_OFTM_C00179_P2Y3W2,258
SR1_OFTM_C00182_P2Y3W2,339
SR1_OFTM_C00183_P2Y3W2,489
SR1_OFTM_C00188_P2Y3W2,136
SR1_OFTM_C00189_P2Y3W2,180
SR1_OFTM_C00191_P2Y3W2,162
SR1_OFTM_C00192_P2Y3W2,185
SR1_OFTM_C00198_P2Y3W2,232
SR1_OFTM_C00201_P2Y3W2,196
SR1_OFTM_C00209_P2Y3W2,151
SR1_OFTM_C00226_P2Y3W2,194
SR1_OFTM_C00231_P2Y3W2,312
SR1_OFTM_C00235_P2Y3W2,94
SR1_OFTM_C00237_P2Y3W2,485
SR1_OFTM_C00275_P2Y3W2,330
SR1_OFTM_C00372_P2Y3W2,292
SR1_OFTM_C00375_P2Y3W2,547
SR1_OFTM_C00376_P2Y3W2,293
SR1_OFTM_C00379_P2Y3W2,263
SR1_OFTM_C00384_P2Y3W2,215
SR1_OFTM_C00388_P2Y3W2,154
SR1_OFTM_C00392_P2Y3W2,181
SR1_OFTM_C00393_P2Y3W2,323
SR1_OFTM_C00401_P2Y3W2,191
SR1_OFTM_C00409_P2Y3W2,285
SR1_OFTM_C00423_P2Y3W2,299
SR1_OFTM_C00433_P2Y3W2,201
SR1_OFTM_C00439_P2Y3W2,313
SR1_OFTM_C00466_P2Y3W2,225
SR1_OFTM_C00476_P2Y3W2,217
SR1_OFTM_C00503_P2Y3W2,157
SR1_OFTM_C00507_P2Y3W2,117
SR1_OFTM_C00523_P2Y3W2,185
SR1_OFTM_C00564_P2Y3W2,210
SR1_OFTM_C00598_P2Y3W2,228
SR1_OFTM_C00600_P2Y3W2,130
SR1_OFTM_C00605_P2Y3W2,169
SR1_OFTM_C00633_P2Y3W2,75
SR1_OFTM_C00642_P2Y3W2,281
SR1_OFTM_C00652_P2Y3W2,285
SR1_OFTM_C00657_P2Y3W2,149
SR1_OFTM_C00672_P2Y3W2,171
SR1_OFTM_C00683_P2Y3W2,143
SR1_OFTM_C00692_P2Y3W2,175
SR1_OFTM_C00741_P2Y3W2,252
SR1_OFTM_C00748_P2Y3W2,178
SR1_OFTM_C00753_P2Y3W2,247
SR1_OFTM_C00790_P2Y3W2,300
SR1_OFTM_C00793_P2Y3W2,407
SR1_OFTM_C00826_P2Y3W2,265
SR1_OFTM_C00828_P2Y3W2,175
SR1_OFTM_C00837_P2Y3W2,208
SR1_OFTM_C00853_P2Y3W2,335
SR1_OFTM_C00857_P2Y3W2,192
SR1_OFTM_C00919_P2Y3W2,184
SR1_OFTM_C00931_P2Y3W2,129
SR1_OFTM_C00973_P2Y3W2,313
SR1_OFTM_C00976_P2Y3W2,187
SR1_OFTM_C00992_P2Y3W2,610
SR1_OFTM_C00999_P2Y3W2,261
SR1_OFTM_C01003_P2Y3W2,209
SR1_OFTM_C01006_P2Y3W2,187
SR1_OFTM_C01018_P2Y3W2,250
SR1_OFTM_C01031_P2Y3W2,183
SR1_OFTM_C01053_P2Y3W2,215
SR1_OFTM_C01056_P2Y3W2,322
SR1_OFTM_C01078_P2Y3W2,234
SR1_OFTM_C01094_P2Y3W2,150
SR1_OFTM_C01103_P2Y3W2,98
SR1_OFTM_C01104_P2Y3W2,237
SR1_OFTM_C01108_P2Y3W2,317
SR1_OFTM_C01121_P2Y3W2,360
SR1_OFTM_C01125_P2Y3W2,202
SR1_OFTM_C01127_P2Y3W2,195
SR1_OFTM_C01160_P2Y3W2,187
SR1_OFTM_C01162_P2Y3W2,155
SR1_OFTM_C01171_P2Y3W2,193
SR1_OFTM_C01185_P2Y3W2,241
SR1_OFTM_C01211_P2Y3W2,227
SR1_OFTM_C01222_P2Y3W2,206
SR1_OFTM_C01226_P2Y3W2,270
SR1_OFTM_C01262_P2Y3W2,144
SR1_OFTM_C01265_P2Y3W2,149
SR1_OFTM_C01294_P2Y3W2,171
SR1_OFTM_C01298_P2Y3W2,213
SR1_OFTM_C02230_P2Y3W2,246
SR1_OFTM_C02232_P2Y3W2,311
SR1_OFTM_C02234_P2Y3W2,195
SR1_OFTM_C02239_P2Y3W2,204
SR1_OFTM_C02255_P2Y3W2,178
SR1_OFTM_C02262_P2Y3W2,133
SR1_OFTM_C02267_P2Y3W2,264
SR1_OFTM_C02274_P2Y3W2,113
SR1_OFTM_C02276_P2Y3W2,152
SR1_OFTM_C02277_P2Y3W2,163
SR1_OFTM_C02278_P2Y3W2,176
SR1_OFTM_C02279_P2Y3W2,236
SR1_OFTM_C02282_P2Y3W2,244
SR1_OFTM_C02287_P2Y3W2,143
SR1_OFTM_C02295_P2Y3W2,235
SR1_OFTM_C02297_P2Y3W2,275
SR1_OFTM_C02315_P2Y3W2,190
SR1_OFTM_C02325_P2Y3W2,267
SR1_OFTM_C02335_P2Y3W2,283
SR1_OFTM_C02351_P2Y3W2,203
SR1_OFTM_C02352_P2Y3W2,153
SR1_OFTM_C02356_P2Y3W2,426
SR1_OFTM_C02359_P2Y3W2,211
SR1_OFTM_C02363_P2Y3W2,324
SR1_OFTM_C02364_P2Y3W2,207
SR1_OFTM_C02365_P2Y3W2,487
SR1_OFTM_C02368_P2Y3W2,364
SR1_OFTM_C02373_P2Y3W2,235
SR1_OFTM_C02376_P2Y3W2,161
SR1_OFTM_C02378_P2Y3W2,144
SR1_OFTM_C02381_P2Y3W2,284
SR1_OFTM_C02383_P2Y3W2,496
SR1_OFTM_C02384_P2Y3W2,227
SR1_OFTM_C02386_P2Y3W2,223
SR1_OFTM_C02388_P2Y3W2,268
SR1_OFTM_C02389_P2Y3W2,264
SR1_OFTM_C02397_P2Y3W2,130
SR1_OFTM_C02415_P2Y3W2,247
SR1_OFTM_C02416_P2Y3W2,175
SR1_OFTM_C02423_P2Y3W2,338
SR1_OFTM_C02425_P2Y3W2,295
SR1_OFTM_C02426_P2Y3W2,274
SR1_OFTM_C02434_P2Y3W2,225
SR1_OFTM_C02442_P2Y3W2,318
SR1_OFTM_C02443_P2Y3W2,271
SR1_OFTM_C02448_P2Y3W2,193
SR1_OFTM_C02449_P2Y3W2,144
SR1_OFTM_C02450_P2Y3W2,184
SR1_OFTM_C02475_P2Y3W2,253
SR1_OFTM_C02476_P2Y3W2,265
SR1_OFTM_C02478_P2Y3W2,385
SR1_OFTM_C02479_P2Y3W2,246
SR1_OFTM_C02481_P2Y3W2,190
SR1_OFTM_C02482_P2Y3W2,276
SR1_OFTM_C02483_P2Y3W2,182
SR1_OFTM_C02484_P2Y3W2,263
SR1_OFTM_C02488_P2Y3W2,124
SR1_OFTM_C02489_P2Y3W2,373
SR1_OFTM_C02492_P2Y3W2,153
SR1_OFTM_C02493_P2Y3W2,157
SR1_OFTM_C02496_P2Y3W2,191
SR1_OFTM_C02498_P2Y3W2,173
SR1_OFTM_C02502_P2Y3W2,186
SR1_OFTM_C02503_P2Y3W2,188
SR1_OFTM_C02506_P2Y3W2,216
SR1_OFTM_C02507_P2Y3W2,150
SR1_OFTM_C02551_P2Y3W2,482
SR1_OFTM_C02552_P2Y3W2,168
SR1_OFTM_C02576_P2Y3W2,296
SR1_OFTM_C02579_P2Y3W2,208
SR1_OFTM_C02588_P2Y3W2,196
SR1_OFTM_C02594_P2Y3W2,382
SR1_OFTM_C02596_P2Y3W2,195
SR1_OFTM_C02599_P2Y3W2,204
SR1_OFTM_C02619_P2Y3W2,156
SR1_OFTM_C02626_P2Y3W2,132
SR1_OFTM_C02637_P2Y3W2,238
SR1_OFTM_C02640_P2Y3W2,244
SR1_OFTM_C02645_P2Y3W2,138
SR1_OFTM_C02647_P2Y3W2,201
SR1_OFTM_C02651_P2Y3W2,164
SR1_OFTM_C02661_P2Y3W2,287
SR1_OFTM_C02663_P2Y3W2,218
SR1_OFTM_C02808_P2Y3W2,284
SR1_OFTM_C02834_P2Y3W2,260
SR1_OFTM_C03008_P2Y3W2,218
SR1_OFTM_C03012_P2Y3W2,194
SR2_FGTD_C00015_P2Y4W2,277
SR2_FGTD_C00020_P2Y4W2,178
SR2_FGTD_C00026_P2Y4W2,276
SR2_FGTD_C00027_P2Y4W2,314
SR2_FGTD_C00031_P2Y4W2,267
SR2_FGTD_C00048_P2Y4W2,225
SR2_FGTD_C00049_P2Y4W2,371
SR2_FGTD_C00055_P2Y4W2,329
SR2_FGTD_C00067_P2Y4W2,249
SR2_FGTD_C00077_P2Y4W2,272
SR2_FGTD_C00082_P2Y4W2,356
SR2_FGTD_C00090_P2Y4W2,278
SR2_FGTD_C00094_P2Y4W2,281
SR2_FGTD_C00119_P2Y4W2,218
SR2_FGTD_C00126_P2Y4W2,287
SR2_FGTD_C00127_P2Y4W2,427
SR2_FGTD_C00135_P2Y4W2,304
SR2_FGTD_C00137_P2Y4W2,308
SR2_FGTD_C00141_P2Y4W2,230
SR2_FGTD_C00146_P2Y4W2,290
SR2_FGTD_C00147_P2Y4W2,407
SR2_FGTD_C00148_P2Y4W2,292
SR2_FGTD_C00152_P2Y4W2,421
SR2_FGTD_C00172_P2Y4W2,210
SR2_FGTD_C00178_P2Y4W2,421
SR2_FGTD_C00179_P2Y4W2,366
SR2_FGTD_C00182_P2Y4W2,324
SR2_FGTD_C00183_P2Y4W2,432
SR2_FGTD_C00188_P2Y4W2,168
SR2_FGTD_C00189_P2Y4W2,160
SR2_FGTD_C00191_P2Y4W2,215
SR2_FGTD_C00192_P2Y4W2,159
SR2_FGTD_C00198_P2Y4W2,320
SR2_FGTD_C00201_P2Y4W2,193
SR2_FGTD_C00209_P2Y4W2,353
SR2_FGTD_C00226_P2Y4W2,216
SR2_FGTD_C00231_P2Y4W2,372
SR2_FGTD_C00235_P2Y4W2,298
SR2_FGTD_C00237_P2Y4W2,363
SR2_FGTD_C00275_P2Y4W2,322
SR2_FGTD_C00372_P2Y4W2,336
SR2_FGTD_C00375_P2Y4W2,453
SR2_FGTD_C00376_P2Y4W2,341
SR2_FGTD_C00379_P2Y4W2,264
SR2_FGTD_C00384_P2Y4W2,286
SR2_FGTD_C00388_P2Y4W2,291
SR2_FGTD_C00392_P2Y4W2,181
SR2_FGTD_C00393_P2Y4W2,447
SR2_FGTD_C00401_P2Y4W2,349
SR2_FGTD_C00409_P2Y4W2,273
SR2_FGTD_C00423_P2Y4W2,300
SR2_FGTD_C00433_P2Y4W2,185
SR2_FGTD_C00439_P2Y4W2,224
SR2_FGTD_C00445_P2Y4W2,152
SR2_FGTD_C00466_P2Y4W2,352
SR2_FGTD_C00476_P2Y4W2,175
SR2_FGTD_C00503_P2Y4W2,221
SR2_FGTD_C00507_P2Y4W2,243
SR2_FGTD_C00523_P2Y4W2,199
SR2_FGTD_C00552_P2Y4W2,232
SR2_FGTD_C00564_P2Y4W2,272
SR2_FGTD_C00589_P2Y4W2,288
SR2_FGTD_C00598_P2Y4W2,296
SR2_FGTD_C00600_P2Y4W2,262
SR2_FGTD_C00605_P2Y4W2,334
SR2_FGTD_C00633_P2Y4W2,237
SR2_FGTD_C00642_P2Y4W2,299
SR2_FGTD_C00652_P2Y4W2,244
SR2_FGTD_C00657_P2Y4W2,264
SR2_FGTD_C00672_P2Y4W2,325
SR2_FGTD_C00683_P2Y4W2,292
SR2_FGTD_C00692_P2Y4W2,303
SR2_FGTD_C00741_P2Y4W2,197
SR2_FGTD_C00748_P2Y4W2,227
SR2_FGTD_C00753_P2Y4W2,312
SR2_FGTD_C00790_P2Y4W2,260
SR2_FGTD_C00793_P2Y4W2,395
SR2_FGTD_C00826_P2Y4W2,303
SR2_FGTD_C00828_P2Y4W2,197
SR2_FGTD_C00837_P2Y4W2,223
SR2_FGTD_C00853_P2Y4W2,299
SR2_FGTD_C00857_P2Y4W2,197
SR2_FGTD_C00919_P2Y4W2,363
SR2_FGTD_C00931_P2Y4W2,260
SR2_FGTD_C00973_P2Y4W2,287
SR2_FGTD_C00976_P2Y4W2,256
SR2_FGTD_C00992_P2Y4W2,222
SR2_FGTD_C00999_P2Y4W2,294
SR2_FGTD_C01003_P2Y4W2,289
SR2_FGTD_C01006_P2Y4W2,253
SR2_FGTD_C01018_P2Y4W2,289
SR2_FGTD_C01031_P2Y4W2,209
SR2_FGTD_C01053_P2Y4W2,244
SR2_FGTD_C01056_P2Y4W2,275
SR2_FGTD_C01078_P2Y4W2,264
SR2_FGTD_C01094_P2Y4W2,227
SR2_FGTD_C01103_P2Y4W2,359
SR2_FGTD_C01104_P2Y4W2,287
SR2_FGTD_C01108_P2Y4W2,293
SR2_FGTD_C01121_P2Y4W2,352
SR2_FGTD_C01125_P2Y4W2,240
SR2_FGTD_C01127_P2Y4W2,259
SR2_FGTD_C01160_P2Y4W2,331
SR2_FGTD_C01162_P2Y4W2,229
SR2_FGTD_C01171_P2Y4W2,181
SR2_FGTD_C01185_P2Y4W2,239
SR2_FGTD_C01211_P2Y4W2,199
SR2_FGTD_C01222_P2Y4W2,327
SR2_FGTD_C01226_P2Y4W2,365
SR2_FGTD_C01262_P2Y4W2,298
SR2_FGTD_C01265_P2Y4W2,396
SR2_FGTD_C01294_P2Y4W2,213
SR2_FGTD_C01298_P2Y4W2,305
SR2_FGTD_C01336_P2Y4W2,313
SR2_FGTD_C02230_P2Y4W2,373
SR2_FGTD_C02232_P2Y4W2,242
SR2_FGTD_C02234_P2Y4W2,199
SR2_FGTD_C02239_P2Y4W2,140
SR2_FGTD_C02255_P2Y4W2,266
SR2_FGTD_C02262_P2Y4W2,241
SR2_FGTD_C02267_P2Y4W2,291
SR2_FGTD_C02274_P2Y4W2,320
SR2_FGTD_C02276_P2Y4W2,210
SR2_FGTD_C02278_P2Y4W2,227
SR2_FGTD_C02279_P2Y4W2,187
SR2_FGTD_C02282_P2Y4W2,283
SR2_FGTD_C02287_P2Y4W2,177
SR2_FGTD_C02295_P2Y4W2,263
SR2_FGTD_C02297_P2Y4W2,292
SR2_FGTD_C02315_P2Y4W2,224
SR2_FGTD_C02325_P2Y4W2,267
SR2_FGTD_C02335_P2Y4W2,260
SR2_FGTD_C02351_P2Y4W2,209
SR2_FGTD_C02352_P2Y4W2,396
SR2_FGTD_C02356_P2Y4W2,289
SR2_FGTD_C02359_P2Y4W2,218
SR2_FGTD_C02363_P2Y4W2,402
SR2_FGTD_C02364_P2Y4W2,335
SR2_FGTD_C02365_P2Y4W2,331
SR2_FGTD_C02368_P2Y4W2,256
SR2_FGTD_C02373_P2Y4W2,247
SR2_FGTD_C02376_P2Y4W2,185
SR2_FGTD_C02378_P2Y4W2,248
SR2_FGTD_C02381_P2Y4W2,279
SR2_FGTD_C02383_P2Y4W2,275
SR2_FGTD_C02384_P2Y4W2,285
SR2_FGTD_C02386_P2Y4W2,268
SR2_FGTD_C02388_P2Y4W2,261
SR2_FGTD_C02389_P2Y4W2,202
SR2_FGTD_C02397_P2Y4W2,72
SR2_FGTD_C02415_P2Y4W2,253
SR2_FGTD_C02416_P2Y4W2,151
SR2_FGTD_C02423_P2Y4W2,201
SR2_FGTD_C02425_P2Y4W2,304
SR2_FGTD_C02426_P2Y4W2,509
SR2_FGTD_C02434_P2Y4W2,316
SR2_FGTD_C02442_P2Y4W2,213
SR2_FGTD_C02443_P2Y4W2,255
SR2_FGTD_C02448_P2Y4W2,253
SR2_FGTD_C02449_P2Y4W2,153
SR2_FGTD_C02450_P2Y4W2,273
SR2_FGTD_C02475_P2Y4W2,176
SR2_FGTD_C02476_P2Y4W2,356
SR2_FGTD_C02478_P2Y4W2,262
SR2_FGTD_C02479_P2Y4W2,246
SR2_FGTD_C02481_P2Y4W2,228
SR2_FGTD_C02482_P2Y4W2,246
SR2_FGTD_C02483_P2Y4W2,189
SR2_FGTD_C02484_P2Y4W2,412
SR2_FGTD_C02488_P2Y4W2,181
SR2_FGTD_C02489_P2Y4W2,216
SR2_FGTD_C02492_P2Y4W2,191
SR2_FGTD_C02493_P2Y4W2,147
SR2_FGTD_C02496_P2Y4W2,261
SR2_FGTD_C02498_P2Y4W2,176
SR2_FGTD_C02502_P2Y4W2,167
SR2_FGTD_C02503_P2Y4W2,126
SR2_FGTD_C02506_P2Y4W2,229
SR2_FGTD_C02507_P2Y4W2,150
SR2_FGTD_C02551_P2Y4W2,280
SR2_FGTD_C02552_P2Y4W2,257
SR2_FGTD_C02576_P2Y4W2,275
SR2_FGTD_C02579_P2Y4W2,301
SR2_FGTD_C02588_P2Y4W2,337
SR2_FGTD_C02594_P2Y4W2,250
SR2_FGTD_C02596_P2Y4W2,157
SR2_FGTD_C02599_P2Y4W2,160
SR2_FGTD_C02619_P2Y4W2,229
SR2_FGTD_C02626_P2Y4W2,286
SR2_FGTD_C02637_P2Y4W2,272
SR2_FGTD_C02640_P2Y4W2,219
SR2_FGTD_C02645_P2Y4W2,266
SR2_FGTD_C02647_P2Y4W2,239
SR2_FGTD_C02651_P2Y4W2,178
SR2_FGTD_C02661_P2Y4W2,230
SR2_FGTD_C02663_P2Y4W2,242
SR2_FGTD_C02808_P2Y4W2,464
SR2_FGTD_C02834_P2Y4W2,327
SR2_FGTD_C03008_P2Y4W2,223
SR2_FGTD_C03012_P2Y4W2,276
SR2_FWAY_C00015_P2Y4W1,203
SR2_FWAY_C00020_P2Y4W1,237
SR2_FWAY_C00026_P2Y4W1,178
SR2_FWAY_C00027_P2Y4W1,184
SR2_FWAY_C00031_P2Y4W1,252
SR2_FWAY_C00048_P2Y4W1,227
SR2_FWAY_C00049_P2Y4W1,356
SR2_FWAY_C00055_P2Y4W1,196
SR2_FWAY_C00067_P2Y4W1,232
SR2_FWAY_C00077_P2Y4W1,178
SR2_FWAY_C00082_P2Y4W1,170
SR2_FWAY_C00090_P2Y4W1,325
SR2_FWAY_C00094_P2Y4W1,223
SR2_FWAY_C00119_P2Y4W1,211
SR2_FWAY_C00126_P2Y4W1,232
SR2_FWAY_C00127_P2Y4W1,420
SR2_FWAY_C00135_P2Y4W1,286
SR2_FWAY_C00137_P2Y4W1,266
SR2_FWAY_C00141_P2Y4W1,244
SR2_FWAY_C00146_P2Y4W1,221
SR2_FWAY_C00147_P2Y4W1,257
SR2_FWAY_C00148_P2Y4W1,176
SR2_FWAY_C00152_P2Y4W1,361
SR2_FWAY_C00172_P2Y4W1,263
SR2_FWAY_C00178_P2Y4W1,226
SR2_FWAY_C00179_P2Y4W1,270
SR2_FWAY_C00182_P2Y4W1,273
SR2_FWAY_C00183_P2Y4W1,274
SR2_FWAY_C00188_P2Y4W1,128
SR2_FWAY_C00189_P2Y4W1,158
SR2_FWAY_C00191_P2Y4W1,109
SR2_FWAY_C00192_P2Y4W1,157
SR2_FWAY_C00198_P2Y4W1,223
SR2_FWAY_C00201_P2Y4W1,121
SR2_FWAY_C00209_P2Y4W1,113
SR2_FWAY_C00226_P2Y4W1,168
SR2_FWAY_C00231_P2Y4W1,200
SR2_FWAY_C00235_P2Y4W1,67
SR2_FWAY_C00237_P2Y4W1,218
SR2_FWAY_C00275_P2Y4W1,160
SR2_FWAY_C00372_P2Y4W1,239
SR2_FWAY_C00375_P2Y4W1,356
SR2_FWAY_C00376_P2Y4W1,374
SR2_FWAY_C00379_P2Y4W1,279
SR2_FWAY_C00384_P2Y4W1,225
SR2_FWAY_C00388_P2Y4W1,179
SR2_FWAY_C00392_P2Y4W1,159
SR2_FWAY_C00393_P2Y4W1,304
SR2_FWAY_C00401_P2Y4W1,309
SR2_FWAY_C00409_P2Y4W1,260
SR2_FWAY_C00423_P2Y4W1,271
SR2_FWAY_C00433_P2Y4W1,201
SR2_FWAY_C00439_P2Y4W1,259
SR2_FWAY_C00445_P2Y4W1,166
SR2_FWAY_C00466_P2Y4W1,187
SR2_FWAY_C00476_P2Y4W1,150
SR2_FWAY_C00503_P2Y4W1,206
SR2_FWAY_C00507_P2Y4W1,217
SR2_FWAY_C00523_P2Y4W1,179
SR2_FWAY_C00552_P2Y4W1,210
SR2_FWAY_C00564_P2Y4W1,250
SR2_FWAY_C00589_P2Y4W1,184
SR2_FWAY_C00598_P2Y4W1,196
SR2_FWAY_C00600_P2Y4W1,202
SR2_FWAY_C00605_P2Y4W1,301
SR2_FWAY_C00633_P2Y4W1,223
SR2_FWAY_C00642_P2Y4W1,190
SR2_FWAY_C00652_P2Y4W1,316
SR2_FWAY_C00657_P2Y4W1,253
SR2_FWAY_C00672_P2Y4W1,284
SR2_FWAY_C00683_P2Y4W1,253
SR2_FWAY_C00692_P2Y4W1,188
SR2_FWAY_C00741_P2Y4W1,187
SR2_FWAY_C00748_P2Y4W1,220
SR2_FWAY_C00753_P2Y4W1,221
SR2_FWAY_C00790_P2Y4W1,232
SR2_FWAY_C00793_P2Y4W1,254
SR2_FWAY_C00826_P2Y4W1,334
SR2_FWAY_C00828_P2Y4W1,218
SR2_FWAY_C00837_P2Y4W1,209
SR2_FWAY_C00853_P2Y4W1,323
SR2_FWAY_C00857_P2Y4W1,161
SR2_FWAY_C00919_P2Y4W1,290
SR2_FWAY_C00931_P2Y4W1,195
SR2_FWAY_C00973_P2Y4W1,291
SR2_FWAY_C00976_P2Y4W1,239
SR2_FWAY_C00992_P2Y4W1,299
SR2_FWAY_C00999_P2Y4W1,261
SR2_FWAY_C01003_P2Y4W1,216
SR2_FWAY_C01006_P2Y4W1,153
SR2_FWAY_C01018_P2Y4W1,255
SR2_FWAY_C01031_P2Y4W1,241
SR2_FWAY_C01053_P2Y4W1,241
SR2_FWAY_C01056_P2Y4W1,261
SR2_FWAY_C01078_P2Y4W1,203
SR2_FWAY_C01094_P2Y4W1,197
SR2_FWAY_C01103_P2Y4W1,202
SR2_FWAY_C01104_P2Y4W1,244
SR2_FWAY_C01108_P2Y4W1,265
SR2_FWAY_C01121_P2Y4W1,354
SR2_FWAY_C01125_P2Y4W1,245
SR2_FWAY_C01127_P2Y4W1,266
SR2_FWAY_C01160_P2Y4W1,261
SR2_FWAY_C01162_P2Y4W1,94
SR2_FWAY_C01171_P2Y4W1,132
SR2_FWAY_C01185_P2Y4W1,246
SR2_FWAY_C01211_P2Y4W1,159
SR2_FWAY_C01222_P2Y4W1,169
SR2_FWAY_C01226_P2Y4W1,246
SR2_FWAY_C01262_P2Y4W1,195
SR2_FWAY_C01265_P2Y4W1,237
SR2_FWAY_C01294_P2Y4W1,156
SR2_FWAY_C01298_P2Y4W1,164
SR2_FWAY_C01336_P2Y4W1,369
SR2_FWAY_C02230_P2Y4W1,233
SR2_FWAY_C02232_P2Y4W1,178
SR2_FWAY_C02234_P2Y4W1,156
SR2_FWAY_C02239_P2Y4W1,250
SR2_FWAY_C02255_P2Y4W1,198
SR2_FWAY_C02262_P2Y4W1,163
SR2_FWAY_C02267_P2Y4W1,296
SR2_FWAY_C02274_P2Y4W1,252
SR2_FWAY_C02276_P2Y4W1,218
SR2_FWAY_C02278_P2Y4W1,212
SR2_FWAY_C02279_P2Y4W1,157
SR2_FWAY_C02282_P2Y4W1,144
SR2_FWAY_C02287_P2Y4W1,202
SR2_FWAY_C02295_P2Y4W1,216
SR2_FWAY_C02297_P2Y4W1,317
SR2_FWAY_C02315_P2Y4W1,175
SR2_FWAY_C02325_P2Y4W1,284
SR2_FWAY_C02335_P2Y4W1,287
SR2_FWAY_C02351_P2Y4W1,229
SR2_FWAY_C02352_P2Y4W1,268
SR2_FWAY_C02356_P2Y4W1,354
SR2_FWAY_C02359_P2Y4W1,186
SR2_FWAY_C02363_P2Y4W1,414
SR2_FWAY_C02364_P2Y4W1,242
SR2_FWAY_C02365_P2Y4W1,387
SR2_FWAY_C02368_P2Y4W1,168
SR2_FWAY_C02373_P2Y4W1,208
SR2_FWAY_C02376_P2Y4W1,205
SR2_FWAY_C02378_P2Y4W1,148
SR2_FWAY_C02381_P2Y4W1,268
SR2_FWAY_C02383_P2Y4W1,286
SR2_FWAY_C02384_P2Y4W1,211
SR2_FWAY_C02386_P2Y4W1,174
SR2_FWAY_C02388_P2Y4W1,200
SR2_FWAY_C02389_P2Y4W1,222
SR2_FWAY_C02397_P2Y4W1,196
SR2_FWAY_C02415_P2Y4W1,215
SR2_FWAY_C02416_P2Y4W1,171
SR2_FWAY_C02423_P2Y4W1,139
SR2_FWAY_C02425_P2Y4W1,262
SR2_FWAY_C02426_P2Y4W1,395
SR2_FWAY_C02434_P2Y4W1,203
SR2_FWAY_C02442_P2Y4W1,156
SR2_FWAY_C02443_P2Y4W1,150
SR2_FWAY_C02448_P2Y4W1,175
SR2_FWAY_C02449_P2Y4W1,205
SR2_FWAY_C02450_P2Y4W1,323
SR2_FWAY_C02475_P2Y4W1,170
SR2_FWAY_C02476_P2Y4W1,255
SR2_FWAY_C02478_P2Y4W1,212
SR2_FWAY_C02479_P2Y4W1,237
SR2_FWAY_C02481_P2Y4W1,197
SR2_FWAY_C02482_P2Y4W1,198
SR2_FWAY_C02483_P2Y4W1,198
SR2_FWAY_C02484_P2Y4W1,220
SR2_FWAY_C02488_P2Y4W1,185
SR2_FWAY_C02489_P2Y4W1,245
SR2_FWAY_C02492_P2Y4W1,145
SR2_FWAY_C02493_P2Y4W1,149
SR2_FWAY_C02496_P2Y4W1,172
SR2_FWAY_C02498_P2Y4W1,141
SR2_FWAY_C02502_P2Y4W1,199
SR2_FWAY_C02503_P2Y4W1,108
SR2_FWAY_C02506_P2Y4W1,158
SR2_FWAY_C02507_P2Y4W1,153
SR2_FWAY_C02551_P2Y4W1,287
SR2_FWAY_C02552_P2Y4W1,191
SR2_FWAY_C02576_P2Y4W1,136
SR2_FWAY_C02579_P2Y4W1,369
SR2_FWAY_C02588_P2Y4W1,273
SR2_FWAY_C02594_P2Y4W1,247
SR2_FWAY_C02596_P2Y4W1,188
SR2_FWAY_C02599_P2Y4W1,167
SR2_FWAY_C02619_P2Y4W1,208
SR2_FWAY_C02626_P2Y4W1,271
SR2_FWAY_C02637_P2Y4W1,145
SR2_FWAY_C02640_P2Y4W1,201
SR2_FWAY_C02645_P2Y4W1,181
SR2_FWAY_C02647_P2Y4W1,214
SR2_FWAY_C02651_P2Y4W1,122
SR2_FWAY_C02661_P2Y4W1,196
SR2_FWAY_C02663_P2Y4W1,191
SR2_FWAY_C02808_P2Y4W1,167
SR2_FWAY_C02834_P2Y4W1,253
SR2_FWAY_C03008_P2Y4W1,254
SR2_FWAY_C03012_P2Y4W1,240
SRK_FGTD_C00015_P2W2,302
SRK_FGTD_C00020_P2W2,342
SRK_FGTD_C00022_P2W2,108
SRK_FGTD_C00026_P2W2,229
SRK_FGTD_C00027_P2W2,139
SRK_FGTD_C00031_P2W2,183
SRK_FGTD_C00048_P2W2,232
SRK_FGTD_C00049_P2W2,246
SRK_FGTD_C00055_P2W2,145
SRK_FGTD_C00067_P2W2,135
SRK_FGTD_C00077_P2W2,129
SRK_FGTD_C00082_P2W2,270
SRK_FGTD_C00090_P2W2,146
SRK_FGTD_C00094_P2W2,257
SRK_FGTD_C00119_P2W2,293
SRK_FGTD_C00125_P2W2,216
SRK_FGTD_C00126_P2W2,117
SRK_FGTD_C00127_P2W2,279
SRK_FGTD_C00135_P2W2,119
SRK_FGTD_C00137_P2W2,181
SRK_FGTD_C00141_P2W2,201
SRK_FGTD_C00142_P2W2,198
SRK_FGTD_C00146_P2W2,137
SRK_FGTD_C00147_P2W2,148
SRK_FGTD_C00148_P2W2,210
SRK_FGTD_C00152_P2W2,242
SRK_FGTD_C00167_P2W2,260
SRK_FGTD_C00172_P2W2,119
SRK_FGTD_C00178_P2W2,266
SRK_FGTD_C00179_P2W2,182
SRK_FGTD_C00182_P2W2,263
SRK_FGTD_C00183_P2W2,339
SRK_FGTD_C00188_P2W2,117
SRK_FGTD_C00189_P2W2,124
SRK_FGTD_C00191_P2W2,142
SRK_FGTD_C00192_P2W2,174
SRK_FGTD_C00198_P2W2,209
SRK_FGTD_C00201_P2W2,192
SRK_FGTD_C00209_P2W2,195
SRK_FGTD_C00226_P2W2,96
SRK_FGTD_C00231_P2W2,322
SRK_FGTD_C00235_P2W2,174
SRK_FGTD_C00237_P2W2,305
SRK_FGTD_C00275_P2W2,412
SRK_FGTD_C00372_P2W2,279
SRK_FGTD_C00375_P2W2,398
SRK_FGTD_C00376_P2W2,255
SRK_FGTD_C00379_P2W2,95
SRK_FGTD_C00384_P2W2,260
SRK_FGTD_C00388_P2W2,103
SRK_FGTD_C00392_P2W2,186
SRK_FGTD_C00393_P2W2,277
SRK_FGTD_C00401_P2W2,271
SRK_FGTD_C00409_P2W2,214
SRK_FGTD_C00423_P2W2,202
SRK_FGTD_C00433_P2W2,205
SRK_FGTD_C00439_P2W2,188
SRK_FGTD_C00445_P2W2,107
SRK_FGTD_C00466_P2W2,339
SRK_FGTD_C00476_P2W2,142
SRK_FGTD_C00503_P2W2,180
SRK_FGTD_C00507_P2W2,190
SRK_FGTD_C00523_P2W2,276
SRK_FGTD_C00552_P2W2,245
SRK_FGTD_C00564_P2W2,263
SRK_FGTD_C00589_P2W2,182
SRK_FGTD_C00598_P2W2,149
SRK_FGTD_C00600_P2W2,108
SRK_FGTD_C00605_P2W2,186
SRK_FGTD_C00633_P2W2,157
SRK_FGTD_C00642_P2W2,251
SRK_FGTD_C00652_P2W2,241
SRK_FGTD_C00657_P2W2,136
SRK_FGTD_C00672_P2W2,205
SRK_FGTD_C00683_P2W2,212
SRK_FGTD_C00692_P2W2,194
SRK_FGTD_C00741_P2W2,202
SRK_FGTD_C00748_P2W2,252
SRK_FGTD_C00753_P2W2,172
SRK_FGTD_C00790_P2W2,209
SRK_FGTD_C00793_P2W2,329
SRK_FGTD_C00826_P2W2,315
SRK_FGTD_C00828_P2W2,105
SRK_FGTD_C00837_P2W2,153
SRK_FGTD_C00853_P2W2,136
SRK_FGTD_C00857_P2W2,106
SRK_FGTD_C00919_P2W2,221
SRK_FGTD_C00931_P2W2,250
SRK_FGTD_C00973_P2W2,235
SRK_FGTD_C00976_P2W2,75
SRK_FGTD_C00992_P2W2,268
SRK_FGTD_C00999_P2W2,140
SRK_FGTD_C01003_P2W2,168
SRK_FGTD_C01006_P2W2,136
SRK_FGTD_C01018_P2W2,157
SRK_FGTD_C01031_P2W2,161
SRK_FGTD_C01053_P2W2,274
SRK_FGTD_C01056_P2W2,312
SRK_FGTD_C01078_P2W2,242
SRK_FGTD_C01094_P2W2,165
SRK_FGTD_C01103_P2W2,188
SRK_FGTD_C01104_P2W2,144
SRK_FGTD_C01108_P2W2,147
SRK_FGTD_C01121_P2W2,157
SRK_FGTD_C01125_P2W2,181
SRK_FGTD_C01127_P2W2,145
SRK_FGTD_C01160_P2W2,178
SRK_FGTD_C01162_P2W2,128
SRK_FGTD_C01171_P2W2,138
SRK_FGTD_C01185_P2W2,197
SRK_FGTD_C01211_P2W2,170
SRK_FGTD_C01222_P2W2,181
SRK_FGTD_C01226_P2W2,257
SRK_FGTD_C01262_P2W2,150
SRK_FGTD_C01265_P2W2,197
SRK_FGTD_C01294_P2W2,139
SRK_FGTD_C01298_P2W2,207
SRK_FGTD_C01336_P2W2,190
SRK_FGTD_C02230_P2W2,590
SRK_FGTD_C02232_P2W2,198
SRK_FGTD_C02234_P2W2,161
SRK_FGTD_C02239_P2W2,262
SRK_FGTD_C02255_P2W2,133
SRK_FGTD_C02262_P2W2,80
SRK_FGTD_C02267_P2W2,164
SRK_FGTD_C02274_P2W2,50
SRK_FGTD_C02276_P2W2,145
SRK_FGTD_C02277_P2W2,102
SRK_FGTD_C02278_P2W2,88
SRK_FGTD_C02279_P2W2,156
SRK_FGTD_C02282_P2W2,146
SRK_FGTD_C02287_P2W2,169
SRK_FGTD_C02295_P2W2,209
SRK_FGTD_C02297_P2W2,276
SRK_FGTD_C02315_P2W2,231
SRK_FGTD_C02325_P2W2,190
SRK_FGTD_C02335_P2W2,292
SRK_FGTD_C02351_P2W2,177
SRK_FGTD_C02352_P2W2,177
SRK_FGTD_C02356_P2W2,206
SRK_FGTD_C02359_P2W2,75
SRK_FGTD_C02363_P2W2,241
SRK_FGTD_C02364_P2W2,106
SRK_FGTD_C02365_P2W2,643
SRK_FGTD_C02368_P2W2,173
SRK_FGTD_C02373_P2W2,120
SRK_FGTD_C02376_P2W2,116
SRK_FGTD_C02378_P2W2,89
SRK_FGTD_C02381_P2W2,174
SRK_FGTD_C02383_P2W2,183
SRK_FGTD_C02384_P2W2,190
SRK_FGTD_C02386_P2W2,240
SRK_FGTD_C02388_P2W2,124
SRK_FGTD_C02389_P2W2,113
SRK_FGTD_C02397_P2W2,184
SRK_FGTD_C02415_P2W2,172
SRK_FGTD_C02416_P2W2,94
SRK_FGTD_C02423_P2W2,103
SRK_FGTD_C02425_P2W2,124
SRK_FGTD_C02426_P2W2,256
SRK_FGTD_C02434_P2W2,137
SRK_FGTD_C02442_P2W2,170
SRK_FGTD_C02443_P2W2,234
SRK_FGTD_C02448_P2W2,312
SRK_FGTD_C02449_P2W2,115
SRK_FGTD_C02450_P2W2,292
SRK_FGTD_C02475_P2W2,242
SRK_FGTD_C02476_P2W2,212
SRK_FGTD_C02478_P2W2,221
SRK_FGTD_C02479_P2W2,83
SRK_FGTD_C02481_P2W2,138
SRK_FGTD_C02482_P2W2,159
SRK_FGTD_C02483_P2W2,86
SRK_FGTD_C02484_P2W2,169
SRK_FGTD_C02488_P2W2,88
SRK_FGTD_C02489_P2W2,91
SRK_FGTD_C02492_P2W2,149
SRK_FGTD_C02493_P2W2,261
SRK_FGTD_C02496_P2W2,136
SRK_FGTD_C02498_P2W2,182
SRK_FGTD_C02502_P2W2,213
SRK_FGTD_C02503_P2W2,120
SRK_FGTD_C02506_P2W2,112
SRK_FGTD_C02507_P2W2,186
SRK_FGTD_C02551_P2W2,167
SRK_FGTD_C02552_P2W2,114
SRK_FGTD_C02576_P2W2,134
SRK_FGTD_C02579_P2W2,232
SRK_FGTD_C02588_P2W2,105
SRK_FGTD_C02594_P2W2,111
SRK_FGTD_C02596_P2W2,112
SRK_FGTD_C02599_P2W2,95
SRK_FGTD_C02619_P2W2,172
SRK_FGTD_C02626_P2W2,58
SRK_FGTD_C02637_P2W2,156
SRK_FGTD_C02640_P2W2,225
SRK_FGTD_C02645_P2W2,136
SRK_FGTD_C02647_P2W2,171
SRK_FGTD_C02651_P2W2,99
SRK_FGTD_C02661_P2W2,108
SRK_FGTD_C02663_P2W2,158
SRK_FGTD_C02808_P2W2,192
SRK_FGTD_C02834_P2W2,161
SRK_FGTD_C03008_P2W2,152
SRK_FGTD_C03012_P2W2,212
SRK_FWAY_C00015_P2W1,145
SRK_FWAY_C00020_P2W1,205
SRK_FWAY_C00022_P2W1,137
SRK_FWAY_C00026_P2W1,157
SRK_FWAY_C00027_P2W1,70
SRK_FWAY_C00031_P2W1,129
SRK_FWAY_C00048_P2W1,183
SRK_FWAY_C00049_P2W1,237
SRK_FWAY_C00055_P2W1,158
SRK_FWAY_C00067_P2W1,92
SRK_FWAY_C00077_P2W1,174
SRK_FWAY_C00082_P2W1,173
SRK_FWAY_C00090_P2W1,21
SRK_FWAY_C00094_P2W1,179
SRK_FWAY_C00119_P2W1,107
SRK_FWAY_C00125_P2W1,102
SRK_FWAY_C00126_P2W1,75
SRK_FWAY_C00127_P2W1,228
SRK_FWAY_C00135_P2W1,126
SRK_FWAY_C00137_P2W1,83
SRK_FWAY_C00141_P2W1,137
SRK_FWAY_C00142_P2W1,176
SRK_FWAY_C00146_P2W1,95
SRK_FWAY_C00147_P2W1,148
SRK_FWAY_C00148_P2W1,95
SRK_FWAY_C00152_P2W1,224
SRK_FWAY_C00167_P2W1,97
SRK_FWAY_C00172_P2W1,56
SRK_FWAY_C00178_P2W1,181
SRK_FWAY_C00179_P2W1,221
SRK_FWAY_C00182_P2W1,152
SRK_FWAY_C00183_P2W1,105
SRK_FWAY_C00188_P2W1,175
SRK_FWAY_C00189_P2W1,11
SRK_FWAY_C00191_P2W1,69
SRK_FWAY_C00192_P2W1,34
SRK_FWAY_C00198_P2W1,91
SRK_FWAY_C00201_P2W1,117
SRK_FWAY_C00209_P2W1,120
SRK_FWAY_C00226_P2W1,40
SRK_FWAY_C00231_P2W1,206
SRK_FWAY_C00235_P2W1,113
SRK_FWAY_C00237_P2W1,100
SRK_FWAY_C00275_P2W1,123
SRK_FWAY_C00372_P2W1,227
SRK_FWAY_C00375_P2W1,318
SRK_FWAY_C00376_P2W1,247
SRK_FWAY_C00379_P2W1,86
SRK_FWAY_C00384_P2W1,184
SRK_FWAY_C00388_P2W1,99
SRK_FWAY_C00392_P2W1,202
SRK_FWAY_C00393_P2W1,235
SRK_FWAY_C00401_P2W1,190
SRK_FWAY_C00409_P2W1,149
SRK_FWAY_C00423_P2W1,78
SRK_FWAY_C00433_P2W1,92
SRK_FWAY_C00439_P2W1,120
SRK_FWAY_C00445_P2W1,82
SRK_FWAY_C00466_P2W1,174
SRK_FWAY_C00476_P2W1,289
SRK_FWAY_C00503_P2W1,137
SRK_FWAY_C00507_P2W1,171
SRK_FWAY_C00523_P2W1,245
SRK_FWAY_C00552_P2W1,100
SRK_FWAY_C00564_P2W1,62
SRK_FWAY_C00589_P2W1,200
SRK_FWAY_C00598_P2W1,189
SRK_FWAY_C00600_P2W1,155
SRK_FWAY_C00605_P2W1,99
SRK_FWAY_C00633_P2W1,84
SRK_FWAY_C00642_P2W1,300
SRK_FWAY_C00652_P2W1,146
SRK_FWAY_C00657_P2W1,44
SRK_FWAY_C00672_P2W1,200
SRK_FWAY_C00683_P2W1,247
SRK_FWAY_C00692_P2W1,194
SRK_FWAY_C00741_P2W1,181
SRK_FWAY_C00748_P2W1,107
SRK_FWAY_C00753_P2W1,61
SRK_FWAY_C00790_P2W1,155
SRK_FWAY_C00793_P2W1,244
SRK_FWAY_C00826_P2W1,207
SRK_FWAY_C00828_P2W1,91
SRK_FWAY_C00837_P2W1,77
SRK_FWAY_C00853_P2W1,163
SRK_FWAY_C00857_P2W1,88
SRK_FWAY_C00919_P2W1,112
SRK_FWAY_C00931_P2W1,78
SRK_FWAY_C00973_P2W1,132
SRK_FWAY_C00976_P2W1,111
SRK_FWAY_C00992_P2W1,93
SRK_FWAY_C00999_P2W1,209
SRK_FWAY_C01003_P2W1,135
SRK_FWAY_C01006_P2W1,139
SRK_FWAY_C01018_P2W1,390
SRK_FWAY_C01031_P2W1,128
SRK_FWAY_C01053_P2W1,80
SRK_FWAY_C01056_P2W1,172
SRK_FWAY_C01078_P2W1,123
SRK_FWAY_C01094_P2W1,85
SRK_FWAY_C01103_P2W1,47
SRK_FWAY_C01104_P2W1,104
SRK_FWAY_C01108_P2W1,96
SRK_FWAY_C01121_P2W1,144
SRK_FWAY_C01125_P2W1,119
SRK_FWAY_C01127_P2W1,151
SRK_FWAY_C01160_P2W1,155
SRK_FWAY_C01162_P2W1,157
SRK_FWAY_C01171_P2W1,78
SRK_FWAY_C01185_P2W1,53
SRK_FWAY_C01211_P2W1,103
SRK_FWAY_C01222_P2W1,135
SRK_FWAY_C01226_P2W1,129
SRK_FWAY_C01262_P2W1,89
SRK_FWAY_C01265_P2W1,157
SRK_FWAY_C01294_P2W1,84
SRK_FWAY_C01298_P2W1,174
SRK_FWAY_C01336_P2W1,178
SRK_FWAY_C02230_P2W1,169
SRK_FWAY_C02232_P2W1,50
SRK_FWAY_C02234_P2W1,102
SRK_FWAY_C02239_P2W1,134
SRK_FWAY_C02255_P2W1,29
SRK_FWAY_C02262_P2W1,150
SRK_FWAY_C02267_P2W1,102
SRK_FWAY_C02274_P2W1,106
SRK_FWAY_C02276_P2W1,124
SRK_FWAY_C02277_P2W1,91
SRK_FWAY_C02278_P2W1,86
SRK_FWAY_C02279_P2W1,40
SRK_FWAY_C02282_P2W1,156
SRK_FWAY_C02287_P2W1,136
SRK_FWAY_C02295_P2W1,130
SRK_FWAY_C02297_P2W1,169
SRK_FWAY_C02315_P2W1,75
SRK_FWAY_C02325_P2W1,80
SRK_FWAY_C02335_P2W1,156
SRK_FWAY_C02351_P2W1,40
SRK_FWAY_C02352_P2W1,179
SRK_FWAY_C02356_P2W1,117
SRK_FWAY_C02359_P2W1,162
SRK_FWAY_C02363_P2W1,208
SRK_FWAY_C02364_P2W1,113
SRK_FWAY_C02365_P2W1,139
SRK_FWAY_C02368_P2W1,85
SRK_FWAY_C02373_P2W1,91
SRK_FWAY_C02376_P2W1,95
SRK_FWAY_C02378_P2W1,71
SRK_FWAY_C02381_P2W1,293
SRK_FWAY_C02383_P2W1,81
SRK_FWAY_C02384_P2W1,178
SRK_FWAY_C02386_P2W1,124
SRK_FWAY_C02388_P2W1,135
SRK_FWAY_C02389_P2W1,120
SRK_FWAY_C02397_P2W1,12
SRK_FWAY_C02415_P2W1,118
SRK_FWAY_C02416_P2W1,95
SRK_FWAY_C02423_P2W1,4
SRK_FWAY_C02425_P2W1,126
SRK_FWAY_C02426_P2W1,63
SRK_FWAY_C02434_P2W1,8
SRK_FWAY_C02442_P2W1,89
SRK_FWAY_C02443_P2W1,75
SRK_FWAY_C02448_P2W1,73
SRK_FWAY_C02449_P2W1,104
SRK_FWAY_C02450_P2W1,182
SRK_FWAY_C02475_P2W1,85
SRK_FWAY_C02476_P2W1,118
SRK_FWAY_C02478_P2W1,121
SRK_FWAY_C02479_P2W1,178
SRK_FWAY_C02481_P2W1,115
SRK_FWAY_C02482_P2W1,189
SRK_FWAY_C02483_P2W1,55
SRK_FWAY_C02484_P2W1,152
SRK_FWAY_C02488_P2W1,41
SRK_FWAY_C02489_P2W1,108
SRK_FWAY_C02492_P2W1,42
SRK_FWAY_C02493_P2W1,102
SRK_FWAY_C02496_P2W1,102
SRK_FWAY_C02498_P2W1,184
SRK_FWAY_C02502_P2W1,222
SRK_FWAY_C02503_P2W1,69
SRK_FWAY_C02506_P2W1,93
SRK_FWAY_C02507_P2W1,145
SRK_FWAY_C02551_P2W1,165
SRK_FWAY_C02552_P2W1,45
SRK_FWAY_C02576_P2W1,70
SRK_FWAY_C02579_P2W1,136
SRK_FWAY_C02588_P2W1,123
SRK_FWAY_C02594_P2W1,81
SRK_FWAY_C02596_P2W1,132
SRK_FWAY_C02599_P2W1,34
SRK_FWAY_C02619_P2W1,26
SRK_FWAY_C02626_P2W1,139
SRK_FWAY_C02637_P2W1,129
SRK_FWAY_C02640_P2W1,155
SRK_FWAY_C02645_P2W1,132
SRK_FWAY_C02647_P2W1,141
SRK_FWAY_C02651_P2W1,53
SRK_FWAY_C02661_P2W1,72
SRK_FWAY_C02663_P2W1,79
SRK_FWAY_C02808_P2W1,92
SRK_FWAY_C02834_P2W1,90
SRK_FWAY_C03008_P2W1,72
SRK_FWAY_C03012_P2W1,124